{
"type": "FeatureCollection",
"name": "supermarkets_thessaloniki",
"crs": { "type": "name", "properties": { "name": "urn:ogc:def:crs:OGC:1.3:CRS84" } },
"features": [
{ "type": "Feature", "properties": { "osm_type": "node", "osm_id": 301816911, "name": "Βεργίνα", "brand": null, "operator": null, "shop": "supermarket", "addr:street": null, "addr:housenumber": null, "opening_hours": null, "website": null, "phone": null, "longitude": 22.9518641, "latitude": 40.6499327 }, "geometry": { "type": "Point", "coordinates": [ 22.9518641, 40.6499327 ] } },
{ "type": "Feature", "properties": { "osm_type": "node", "osm_id": 304080314, "name": "Μασούτης", "brand": "Μασούτης", "operator": null, "shop": "supermarket", "addr:street": "Ολυμπιάδος", "addr:housenumber": "113", "opening_hours": "Mo-Fr 08:00-21:00; Sa 08:00-20:00", "website": "https://www.masoutis.gr/", "phone": "+30 2310 208297", "longitude": 22.9533707, "latitude": 40.6380328 }, "geometry": { "type": "Point", "coordinates": [ 22.9533707, 40.6380328 ] } },
{ "type": "Feature", "properties": { "osm_type": "node", "osm_id": 362774178, "name": "Σκλαβενίτης", "brand": "Σκλαβενίτης", "operator": "Σκλαβενίτης", "shop": "supermarket", "addr:street": "Αλέξανδρου Σβώλου", "addr:housenumber": "33", "opening_hours": "Mo-Fr 08:00-21:00; Sa 08:00-20:00; Su,PH off", "website": "https://www.sklavenitis.gr/", "phone": "+30 2310 250361", "longitude": 22.950467, "latitude": 40.6310468 }, "geometry": { "type": "Point", "coordinates": [ 22.950467, 40.6310468 ] } },
{ "type": "Feature", "properties": { "osm_type": "node", "osm_id": 414220489, "name": null, "brand": null, "operator": null, "shop": "supermarket", "addr:street": null, "addr:housenumber": null, "opening_hours": null, "website": null, "phone": null, "longitude": 22.9486728, "latitude": 40.6477937 }, "geometry": { "type": "Point", "coordinates": [ 22.9486728, 40.6477937 ] } },
{ "type": "Feature", "properties": { "osm_type": "node", "osm_id": 421769938, "name": "Σ. Καρατζίδου και Υιοί", "brand": null, "operator": null, "shop": "supermarket", "addr:street": null, "addr:housenumber": null, "opening_hours": null, "website": null, "phone": null, "longitude": 22.9472963, "latitude": 40.6487404 }, "geometry": { "type": "Point", "coordinates": [ 22.9472963, 40.6487404 ] } },
{ "type": "Feature", "properties": { "osm_type": "node", "osm_id": 423790639, "name": "(Minimarket) Ψιλικά Τσιγάρα", "brand": null, "operator": null, "shop": "supermarket", "addr:street": null, "addr:housenumber": null, "opening_hours": null, "website": null, "phone": null, "longitude": 22.9476229, "latitude": 40.646092 }, "geometry": { "type": "Point", "coordinates": [ 22.9476229, 40.646092 ] } },
{ "type": "Feature", "properties": { "osm_type": "node", "osm_id": 440226191, "name": "Μασούτης", "brand": "Μασούτης", "operator": null, "shop": "supermarket", "addr:street": "Αρτάκης", "addr:housenumber": "10", "opening_hours": "Mo-Fr 08:00-21:00, Sa 08:00-20:00", "website": "https://www.masoutis.gr/", "phone": null, "longitude": 22.9730247, "latitude": 40.6087573 }, "geometry": { "type": "Point", "coordinates": [ 22.9730247, 40.6087573 ] } },
{ "type": "Feature", "properties": { "osm_type": "node", "osm_id": 447874281, "name": "Σκλαβενίτης", "brand": "Σκλαβενίτης", "operator": "Σκλαβενίτης", "shop": "supermarket", "addr:street": "Κωλλέτη", "addr:housenumber": null, "opening_hours": "Mo-Fr 08:00-21:00; Sa 08:00-20:00; Su,PH off", "website": null, "phone": null, "longitude": 22.9205485, "latitude": 40.6464002 }, "geometry": { "type": "Point", "coordinates": [ 22.9205485, 40.6464002 ] } },
{ "type": "Feature", "properties": { "osm_type": "node", "osm_id": 492170572, "name": "Μασούτης", "brand": "Μασούτης", "operator": null, "shop": "supermarket", "addr:street": null, "addr:housenumber": null, "opening_hours": "Mo-Fr 09:00-21:00; Sa 09:00-20:00", "website": null, "phone": null, "longitude": 22.9540593, "latitude": 40.5853221 }, "geometry": { "type": "Point", "coordinates": [ 22.9540593, 40.5853221 ] } },
{ "type": "Feature", "properties": { "osm_type": "node", "osm_id": 659614636, "name": "Μασούτης", "brand": "Μασούτης", "operator": null, "shop": "supermarket", "addr:street": "Θεαγένους Χαρίση", "addr:housenumber": "60", "opening_hours": "Mo-Fr 08:00-21:00; Sa 08:00-20:00", "website": "https://www.masoutis.gr/", "phone": "+30 2310 856753", "longitude": 22.9598229, "latitude": 40.6182561 }, "geometry": { "type": "Point", "coordinates": [ 22.9598229, 40.6182561 ] } },
{ "type": "Feature", "properties": { "osm_type": "node", "osm_id": 663256577, "name": "Μασούτης", "brand": "Μασούτης", "operator": null, "shop": "supermarket", "addr:street": "Μακεδονίας", "addr:housenumber": "28", "opening_hours": "Mo-Fr 08:00-21:00; Sa 08:00-20:00", "website": "https://www.masoutis.gr/", "phone": "+30 2310 833327", "longitude": 22.9586481, "latitude": 40.6093231 }, "geometry": { "type": "Point", "coordinates": [ 22.9586481, 40.6093231 ] } },
{ "type": "Feature", "properties": { "osm_type": "node", "osm_id": 663721377, "name": "Mix Markt", "brand": "Mix Markt", "operator": null, "shop": "supermarket", "addr:street": "Μάρκου Μπότσαρη", "addr:housenumber": "35", "opening_hours": null, "website": "https://www.mixmarkt.gr/", "phone": null, "longitude": 22.9582537, "latitude": 40.6071512 }, "geometry": { "type": "Point", "coordinates": [ 22.9582537, 40.6071512 ] } },
{ "type": "Feature", "properties": { "osm_type": "node", "osm_id": 663721380, "name": "Σκλαβενίτης", "brand": "Σκλαβενίτης", "operator": "Σκλαβενίτης", "shop": "supermarket", "addr:street": "Δελφών", "addr:housenumber": "75", "opening_hours": "Mo-Fr 08:00-21:00; Sa 08:00-20:00; Su,PH off", "website": "https://www.sklavenitis.gr/", "phone": "+30 2310 840546;+30 2310 840506", "longitude": 22.9577149, "latitude": 40.6094737 }, "geometry": { "type": "Point", "coordinates": [ 22.9577149, 40.6094737 ] } },
{ "type": "Feature", "properties": { "osm_type": "node", "osm_id": 776497321, "name": "ΑΒ Βασιλόπουλος", "brand": "ΑΒ Βασιλόπουλος", "operator": null, "shop": "supermarket", "addr:street": "Κοσμά Αιτωλού", "addr:housenumber": null, "opening_hours": "Mo-Fr 08:00-21:00; Sa 08:00-20:00", "website": "https://www.ab.gr/", "phone": null, "longitude": 22.9527125, "latitude": 40.6093559 }, "geometry": { "type": "Point", "coordinates": [ 22.9527125, 40.6093559 ] } },
{ "type": "Feature", "properties": { "osm_type": "node", "osm_id": 839709986, "name": "Discount Markt", "brand": null, "operator": null, "shop": "supermarket", "addr:street": "Αγίου Δημητρίου", "addr:housenumber": "48", "opening_hours": null, "website": null, "phone": null, "longitude": 22.9419913, "latitude": 40.6410297 }, "geometry": { "type": "Point", "coordinates": [ 22.9419913, 40.6410297 ] } },
{ "type": "Feature", "properties": { "osm_type": "node", "osm_id": 877137800, "name": "Μασούτης", "brand": "Μασούτης", "operator": null, "shop": "supermarket", "addr:street": "Γρηγορίου Λαμπράκη", "addr:housenumber": "98", "opening_hours": "Mo-Fr 08:00-21:00; Sa 08:00-20:00", "website": "https://www.masoutis.gr/", "phone": "+30 2310 939911", "longitude": 22.9703507, "latitude": 40.616819 }, "geometry": { "type": "Point", "coordinates": [ 22.9703507, 40.616819 ] } },
{ "type": "Feature", "properties": { "osm_type": "node", "osm_id": 935593672, "name": "Μασούτης", "brand": "Μασούτης", "operator": null, "shop": "supermarket", "addr:street": null, "addr:housenumber": null, "opening_hours": null, "website": null, "phone": null, "longitude": 22.9265906, "latitude": 40.6496333 }, "geometry": { "type": "Point", "coordinates": [ 22.9265906, 40.6496333 ] } },
{ "type": "Feature", "properties": { "osm_type": "node", "osm_id": 980126193, "name": "Μασούτης", "brand": "Μασούτης", "operator": null, "shop": "supermarket", "addr:street": null, "addr:housenumber": null, "opening_hours": null, "website": null, "phone": null, "longitude": 22.9764913, "latitude": 40.607838 }, "geometry": { "type": "Point", "coordinates": [ 22.9764913, 40.607838 ] } },
{ "type": "Feature", "properties": { "osm_type": "node", "osm_id": 1199454240, "name": "Μασούτης", "brand": "Μασούτης", "operator": null, "shop": "supermarket", "addr:street": "Τσιαπάνου", "addr:housenumber": null, "opening_hours": null, "website": null, "phone": null, "longitude": 22.9845746, "latitude": 40.6127632 }, "geometry": { "type": "Point", "coordinates": [ 22.9845746, 40.6127632 ] } },
{ "type": "Feature", "properties": { "osm_type": "node", "osm_id": 1201126428, "name": "Μασούτης", "brand": "Μασούτης", "operator": null, "shop": "supermarket", "addr:street": null, "addr:housenumber": null, "opening_hours": null, "website": null, "phone": null, "longitude": 22.9795774, "latitude": 40.61161 }, "geometry": { "type": "Point", "coordinates": [ 22.9795774, 40.61161 ] } },
{ "type": "Feature", "properties": { "osm_type": "node", "osm_id": 1201886455, "name": "Market In", "brand": null, "operator": "Market In", "shop": "supermarket", "addr:street": "Πυλαίας", "addr:housenumber": "67", "opening_hours": "Mo-Fr 08:00-21:00; Sa 08:00-20:00", "website": "https://www.market-in.gr/el-gr/", "phone": "+30 2310912508", "longitude": 22.9806296, "latitude": 40.6076444 }, "geometry": { "type": "Point", "coordinates": [ 22.9806296, 40.6076444 ] } },
{ "type": "Feature", "properties": { "osm_type": "node", "osm_id": 1202494555, "name": "Μασούτης", "brand": "Μασούτης", "operator": null, "shop": "supermarket", "addr:street": "Παπάφη", "addr:housenumber": "51,53", "opening_hours": "Mo-Fr 08:00-21:00; Sa 08:00-20:00", "website": "https://www.masoutis.gr/", "phone": "+30 2310 949735", "longitude": 22.964687, "latitude": 40.617359 }, "geometry": { "type": "Point", "coordinates": [ 22.964687, 40.617359 ] } },
{ "type": "Feature", "properties": { "osm_type": "node", "osm_id": 1234908734, "name": "Σκλαβενίτης", "brand": "Σκλαβενίτης", "operator": "Σκλαβενίτης", "shop": "supermarket", "addr:street": "Βασιλίσσης Όλγας", "addr:housenumber": "9", "opening_hours": "Mo-Fr 08:00-21:00; Sa 08:00-20:00; Su,PH off", "website": "https://www.sklavenitis.gr/", "phone": "+30 2310 828787", "longitude": 22.9548239, "latitude": 40.6169228 }, "geometry": { "type": "Point", "coordinates": [ 22.9548239, 40.6169228 ] } },
{ "type": "Feature", "properties": { "osm_type": "node", "osm_id": 1234908735, "name": null, "brand": null, "operator": null, "shop": "supermarket", "addr:street": null, "addr:housenumber": null, "opening_hours": null, "website": null, "phone": null, "longitude": 22.9580327, "latitude": 40.6173788 }, "geometry": { "type": "Point", "coordinates": [ 22.9580327, 40.6173788 ] } },
{ "type": "Feature", "properties": { "osm_type": "node", "osm_id": 1239194602, "name": "Μασούτης", "brand": "Μασούτης", "operator": null, "shop": "supermarket", "addr:street": null, "addr:housenumber": null, "opening_hours": null, "website": null, "phone": null, "longitude": 22.9876933, "latitude": 40.6000948 }, "geometry": { "type": "Point", "coordinates": [ 22.9876933, 40.6000948 ] } },
{ "type": "Feature", "properties": { "osm_type": "node", "osm_id": 1381208638, "name": "ΑΦΡΟΔΙΤΗ S/M", "brand": null, "operator": null, "shop": "supermarket", "addr:street": "Γρηγορίου Λαμπράκη", "addr:housenumber": "154", "opening_hours": "Mo-Fr 08:00-21:00; Sa 08:00-20:00", "website": "https://www.smafroditi.gr/", "phone": "2310947154", "longitude": 22.9786597, "latitude": 40.6141634 }, "geometry": { "type": "Point", "coordinates": [ 22.9786597, 40.6141634 ] } },
{ "type": "Feature", "properties": { "osm_type": "node", "osm_id": 1409406254, "name": "Μασούτης", "brand": "Μασούτης", "operator": null, "shop": "supermarket", "addr:street": "Παπαναστασίου Αλεξάνδρου", "addr:housenumber": "77", "opening_hours": null, "website": "https://www.masoutis.gr/", "phone": null, "longitude": 22.9468595, "latitude": 40.6474021 }, "geometry": { "type": "Point", "coordinates": [ 22.9468595, 40.6474021 ] } },
{ "type": "Feature", "properties": { "osm_type": "node", "osm_id": 1523187560, "name": "Μασούτης", "brand": "Μασούτης", "operator": null, "shop": "supermarket", "addr:street": null, "addr:housenumber": null, "opening_hours": null, "website": null, "phone": null, "longitude": 22.9488351, "latitude": 40.6445103 }, "geometry": { "type": "Point", "coordinates": [ 22.9488351, 40.6445103 ] } },
{ "type": "Feature", "properties": { "osm_type": "node", "osm_id": 1704876853, "name": "Μασούτης", "brand": "Μασούτης", "operator": null, "shop": "supermarket", "addr:street": "Ολυμπιάδος", "addr:housenumber": "33", "opening_hours": "Mo-Fr 08:00-21:00; Sa 08:00-20:00", "website": "https://www.masoutis.gr/", "phone": "+30 2310 224709", "longitude": 22.9450596, "latitude": 40.642448 }, "geometry": { "type": "Point", "coordinates": [ 22.9450596, 40.642448 ] } },
{ "type": "Feature", "properties": { "osm_type": "node", "osm_id": 1708527230, "name": "Discount markt", "brand": null, "operator": null, "shop": "supermarket", "addr:street": "Ίωνος Δραγούμη", "addr:housenumber": "56", "opening_hours": "Mo-Fr 08:00-21:00; Sa 08:00-20:00", "website": null, "phone": null, "longitude": 22.9426763, "latitude": 40.6392923 }, "geometry": { "type": "Point", "coordinates": [ 22.9426763, 40.6392923 ] } },
{ "type": "Feature", "properties": { "osm_type": "node", "osm_id": 1722383855, "name": "Μασούτης", "brand": "Μασούτης", "operator": null, "shop": "supermarket", "addr:street": "Κασσάνδρου", "addr:housenumber": "115", "opening_hours": "Mo-Fr 08:00-21:00; Sa 08:00-20:00", "website": "https://www.masoutis.gr/", "phone": "+30 2310 203391", "longitude": 22.9513337, "latitude": 40.6379945 }, "geometry": { "type": "Point", "coordinates": [ 22.9513337, 40.6379945 ] } },
{ "type": "Feature", "properties": { "osm_type": "node", "osm_id": 1759715379, "name": "362 Grocery", "brand": null, "operator": null, "shop": "supermarket", "addr:street": "Πασσαλίδη", "addr:housenumber": "29", "opening_hours": "08:00 - 23:30", "website": "https://362grocery.com", "phone": "+30 2316021609", "longitude": 22.9478589, "latitude": 40.5792467 }, "geometry": { "type": "Point", "coordinates": [ 22.9478589, 40.5792467 ] } },
{ "type": "Feature", "properties": { "osm_type": "node", "osm_id": 1839033883, "name": "ΑΒ Βασιλόπουλος", "brand": "ΑΒ Βασιλόπουλος", "operator": null, "shop": "supermarket", "addr:street": "Δημητρίου Γληνού", "addr:housenumber": "23", "opening_hours": null, "website": "https://www.ab.gr/", "phone": null, "longitude": 22.9662054, "latitude": 40.5976529 }, "geometry": { "type": "Point", "coordinates": [ 22.9662054, 40.5976529 ] } },
{ "type": "Feature", "properties": { "osm_type": "node", "osm_id": 1839034092, "name": "Μασούτης", "brand": "Μασούτης", "operator": null, "shop": "supermarket", "addr:street": "Τζαβέλλα", "addr:housenumber": "47", "opening_hours": "Mo-Fr 08:00-21:00; Sa 08:00-20:00", "website": "https://www.masoutis.gr/", "phone": "+30 2310 318967", "longitude": 22.9673224, "latitude": 40.5987152 }, "geometry": { "type": "Point", "coordinates": [ 22.9673224, 40.5987152 ] } },
{ "type": "Feature", "properties": { "osm_type": "node", "osm_id": 1873227464, "name": "Lidl", "brand": "Lidl", "operator": null, "shop": "supermarket", "addr:street": "Αλεξάνδρου Παπαναστασίου", "addr:housenumber": "102", "opening_hours": "Mo-Fr 07:00-21:00, Sa 07:00-20:00", "website": "https://www.lidl-hellas.gr/", "phone": null, "longitude": 22.9672236, "latitude": 40.606658 }, "geometry": { "type": "Point", "coordinates": [ 22.9672236, 40.606658 ] } },
{ "type": "Feature", "properties": { "osm_type": "node", "osm_id": 1873227473, "name": "ΑΒ Βασιλόπουλος", "brand": "ΑΒ Βασιλόπουλος", "operator": null, "shop": "supermarket", "addr:street": null, "addr:housenumber": null, "opening_hours": "Mo-Fr 08:00-21:00, Sa 08:00-20:00", "website": "https://www.ab.gr/", "phone": "+30 2310 944115", "longitude": 22.9706506, "latitude": 40.6072998 }, "geometry": { "type": "Point", "coordinates": [ 22.9706506, 40.6072998 ] } },
{ "type": "Feature", "properties": { "osm_type": "node", "osm_id": 1873227482, "name": "Αφροδίτη", "brand": null, "operator": null, "shop": "supermarket", "addr:street": null, "addr:housenumber": null, "opening_hours": null, "website": "https://smafroditi.gr/", "phone": null, "longitude": 22.9671866, "latitude": 40.6097877 }, "geometry": { "type": "Point", "coordinates": [ 22.9671866, 40.6097877 ] } },
{ "type": "Feature", "properties": { "osm_type": "node", "osm_id": 1912508590, "name": "ελληνικά market", "brand": null, "operator": null, "shop": "supermarket", "addr:street": "Κανάκη", "addr:housenumber": "22", "opening_hours": null, "website": null, "phone": null, "longitude": 22.9229306, "latitude": 40.6505744 }, "geometry": { "type": "Point", "coordinates": [ 22.9229306, 40.6505744 ] } },
{ "type": "Feature", "properties": { "osm_type": "node", "osm_id": 1916292209, "name": "Μασούτης", "brand": "Μασούτης", "operator": null, "shop": "supermarket", "addr:street": null, "addr:housenumber": null, "opening_hours": null, "website": null, "phone": null, "longitude": 22.9492552, "latitude": 40.6528111 }, "geometry": { "type": "Point", "coordinates": [ 22.9492552, 40.6528111 ] } },
{ "type": "Feature", "properties": { "osm_type": "node", "osm_id": 1922578034, "name": null, "brand": null, "operator": null, "shop": "supermarket", "addr:street": null, "addr:housenumber": null, "opening_hours": null, "website": null, "phone": null, "longitude": 22.9154947, "latitude": 40.6420141 }, "geometry": { "type": "Point", "coordinates": [ 22.9154947, 40.6420141 ] } },
{ "type": "Feature", "properties": { "osm_type": "node", "osm_id": 1928707445, "name": "Μασούτης", "brand": "Μασούτης", "operator": null, "shop": "supermarket", "addr:street": null, "addr:housenumber": null, "opening_hours": null, "website": null, "phone": null, "longitude": 22.9286672, "latitude": 40.652595 }, "geometry": { "type": "Point", "coordinates": [ 22.9286672, 40.652595 ] } },
{ "type": "Feature", "properties": { "osm_type": "node", "osm_id": 1956443920, "name": "Μασούτης", "brand": "Μασούτης", "operator": null, "shop": "supermarket", "addr:street": "Κ. Καραμανλή", "addr:housenumber": "60", "opening_hours": "Mo-Fr 08:00-21:00; Sa 08:00-20:00", "website": null, "phone": null, "longitude": 22.9357161, "latitude": 40.6546074 }, "geometry": { "type": "Point", "coordinates": [ 22.9357161, 40.6546074 ] } },
{ "type": "Feature", "properties": { "osm_type": "node", "osm_id": 1956477925, "name": "Μασούτης", "brand": "Μασούτης", "operator": null, "shop": "supermarket", "addr:street": null, "addr:housenumber": null, "opening_hours": null, "website": null, "phone": null, "longitude": 22.9190618, "latitude": 40.6545345 }, "geometry": { "type": "Point", "coordinates": [ 22.9190618, 40.6545345 ] } },
{ "type": "Feature", "properties": { "osm_type": "node", "osm_id": 2002335598, "name": "Σκλαβενίτης", "brand": "Σκλαβενίτης", "operator": "Σκλαβενίτης", "shop": "supermarket", "addr:street": "Αγίου Δημητρίου", "addr:housenumber": "156", "opening_hours": "Mo-Fr 08:00-21:00; Sa 08:00-20:00; Su,PH off", "website": "https://www.sklavenitis.gr/", "phone": "+30 2310 960978;+30 2310 248496", "longitude": 22.9533766, "latitude": 40.6356152 }, "geometry": { "type": "Point", "coordinates": [ 22.9533766, 40.6356152 ] } },
{ "type": "Feature", "properties": { "osm_type": "node", "osm_id": 2136224461, "name": "Μασούτης", "brand": "Μασούτης", "operator": null, "shop": "supermarket", "addr:street": "Βασιλίσσης Όλγας", "addr:housenumber": "170", "opening_hours": "Mo-Fr 08:00-21:00; Sa 08:00-20:00", "website": "https://www.masoutis.gr/", "phone": "+30 2310 426689", "longitude": 22.9553301, "latitude": 40.5981138 }, "geometry": { "type": "Point", "coordinates": [ 22.9553301, 40.5981138 ] } },
{ "type": "Feature", "properties": { "osm_type": "node", "osm_id": 2172105113, "name": "Μασούτης", "brand": "Μασούτης", "operator": null, "shop": "supermarket", "addr:street": "Βούλγαρη", "addr:housenumber": "41", "opening_hours": "Mo-Fr 08:00-21:00; Sa 08:00-20:00", "website": "https://www.masoutis.gr/", "phone": "+30 2310 325173", "longitude": 22.9630835, "latitude": 40.596847 }, "geometry": { "type": "Point", "coordinates": [ 22.9630835, 40.596847 ] } },
{ "type": "Feature", "properties": { "osm_type": "node", "osm_id": 2172107713, "name": "Σκλαβενίτης", "brand": "Σκλαβενίτης", "operator": "Σκλαβενίτης", "shop": "supermarket", "addr:street": "Καθηγητού Νικολάου Παπαδάκη", "addr:housenumber": "20", "opening_hours": "Mo-Fr 08:00-21:00; Sa 08:00-20:00; Su,PH off", "website": "https://www.sklavenitis.gr/", "phone": "+30 2310 327710", "longitude": 22.9601101, "latitude": 40.5960053 }, "geometry": { "type": "Point", "coordinates": [ 22.9601101, 40.5960053 ] } },
{ "type": "Feature", "properties": { "osm_type": "node", "osm_id": 2273888225, "name": "ΑΒ Βασιλόπουλος", "brand": "ΑΒ Βασιλόπουλος", "operator": null, "shop": "supermarket", "addr:street": null, "addr:housenumber": null, "opening_hours": "Sa 08:00-20:00; Mo-Fr 08:00-21:00", "website": null, "phone": null, "longitude": 22.9495971, "latitude": 40.5927551 }, "geometry": { "type": "Point", "coordinates": [ 22.9495971, 40.5927551 ] } },
{ "type": "Feature", "properties": { "osm_type": "node", "osm_id": 2276974179, "name": "Μασούτης", "brand": "Μασούτης", "operator": null, "shop": "supermarket", "addr:street": "Νικολάου Πλαστήρα", "addr:housenumber": "18", "opening_hours": "Mo-Fr 08:00-21:00, Sa 08:00-20:00", "website": "https://www.masoutis.gr/", "phone": "+30 2310 302531", "longitude": 22.9725504, "latitude": 40.6020737 }, "geometry": { "type": "Point", "coordinates": [ 22.9725504, 40.6020737 ] } },
{ "type": "Feature", "properties": { "osm_type": "node", "osm_id": 2318859129, "name": "Μασούτης", "brand": "Μασούτης", "operator": null, "shop": "supermarket", "addr:street": "Κώστα Βάρναλη", "addr:housenumber": "35", "opening_hours": "Mo-Fr 08:00-21:00, Sa 08:00-20:00", "website": "https://www.masoutis.gr/", "phone": null, "longitude": 22.9951466, "latitude": 40.6102663 }, "geometry": { "type": "Point", "coordinates": [ 22.9951466, 40.6102663 ] } },
{ "type": "Feature", "properties": { "osm_type": "node", "osm_id": 2850646744, "name": "Μασούτης", "brand": "Μασούτης", "operator": null, "shop": "supermarket", "addr:street": "Βασιλίσσης Όλγας", "addr:housenumber": "128", "opening_hours": "Mo-Fr 08:00-21:00; Sa 08:00-20:00", "website": "https://www.masoutis.gr/", "phone": "+30 2310 835212", "longitude": 22.9530001, "latitude": 40.6026824 }, "geometry": { "type": "Point", "coordinates": [ 22.9530001, 40.6026824 ] } },
{ "type": "Feature", "properties": { "osm_type": "node", "osm_id": 2969241487, "name": "Super Bazar", "brand": null, "operator": null, "shop": "supermarket", "addr:street": null, "addr:housenumber": null, "opening_hours": null, "website": null, "phone": "+30-2310-271613", "longitude": 22.943459, "latitude": 40.6372006 }, "geometry": { "type": "Point", "coordinates": [ 22.943459, 40.6372006 ] } },
{ "type": "Feature", "properties": { "osm_type": "node", "osm_id": 3164463917, "name": "Afroditi", "brand": null, "operator": null, "shop": "supermarket", "addr:street": "Παρασκευοπούλου", "addr:housenumber": "3", "opening_hours": "Mo-Fr 08:00-21:00; Sa 08:00-20:00", "website": null, "phone": null, "longitude": 22.9567206, "latitude": 40.5829427 }, "geometry": { "type": "Point", "coordinates": [ 22.9567206, 40.5829427 ] } },
{ "type": "Feature", "properties": { "osm_type": "node", "osm_id": 3164463932, "name": "Μασούτης", "brand": "Μασούτης", "operator": null, "shop": "supermarket", "addr:street": "Μεγάλου Αλεξάνδρου", "addr:housenumber": "38", "opening_hours": null, "website": null, "phone": null, "longitude": 22.9615811, "latitude": 40.58288 }, "geometry": { "type": "Point", "coordinates": [ 22.9615811, 40.58288 ] } },
{ "type": "Feature", "properties": { "osm_type": "node", "osm_id": 3366606730, "name": "Μασούτης", "brand": "Μασούτης", "operator": null, "shop": "supermarket", "addr:street": "Πέτρου Συνδίκα", "addr:housenumber": "73", "opening_hours": "Mo-Fr 08:00-21:00, Sa 08:00-20:00", "website": "https://www.masoutis.gr/", "phone": "+30 2310 827150", "longitude": 22.9613945, "latitude": 40.6053313 }, "geometry": { "type": "Point", "coordinates": [ 22.9613945, 40.6053313 ] } },
{ "type": "Feature", "properties": { "osm_type": "node", "osm_id": 3646429847, "name": "Μασούτης", "brand": "Μασούτης", "operator": null, "shop": "supermarket", "addr:street": null, "addr:housenumber": null, "opening_hours": "Mo-Fr 08:00-21:00; Sa 08:00-20:00", "website": "https://www.masoutis.gr/", "phone": "+30 2310 233997", "longitude": 22.9501458, "latitude": 40.6312276 }, "geometry": { "type": "Point", "coordinates": [ 22.9501458, 40.6312276 ] } },
{ "type": "Feature", "properties": { "osm_type": "node", "osm_id": 3738876311, "name": "Μασούτης", "brand": "Μασούτης", "operator": null, "shop": "supermarket", "addr:street": null, "addr:housenumber": null, "opening_hours": "Mo-Fr 08:00-21:00; Sa 08:00-20:00", "website": null, "phone": null, "longitude": 22.9500924, "latitude": 40.5804592 }, "geometry": { "type": "Point", "coordinates": [ 22.9500924, 40.5804592 ] } },
{ "type": "Feature", "properties": { "osm_type": "node", "osm_id": 3738890383, "name": "Μασούτης", "brand": "Μασούτης", "operator": null, "shop": "supermarket", "addr:street": "Κουντουριώτου", "addr:housenumber": "37", "opening_hours": "Mo-Fr 08:00-21:00, Sa 08:00-20:00", "website": "https://www.stromatokinisi.gr/", "phone": "+30 2310 451118", "longitude": 22.9569743, "latitude": 40.5721368 }, "geometry": { "type": "Point", "coordinates": [ 22.9569743, 40.5721368 ] } },
{ "type": "Feature", "properties": { "osm_type": "node", "osm_id": 3738891346, "name": "Lidl", "brand": "Lidl", "operator": null, "shop": "supermarket", "addr:street": "Βρυούλων", "addr:housenumber": "33", "opening_hours": null, "website": null, "phone": null, "longitude": 22.9614807, "latitude": 40.5732915 }, "geometry": { "type": "Point", "coordinates": [ 22.9614807, 40.5732915 ] } },
{ "type": "Feature", "properties": { "osm_type": "node", "osm_id": 3738891347, "name": "My market", "brand": null, "operator": null, "shop": "supermarket", "addr:street": "Βρυούλων", "addr:housenumber": "27", "opening_hours": "Mo-Fr 08:00-21:00; Sa 08:00-20:00", "website": "https://www.mymarket.gr", "phone": "+30 2310 450078", "longitude": 22.960857, "latitude": 40.5727077 }, "geometry": { "type": "Point", "coordinates": [ 22.960857, 40.5727077 ] } },
{ "type": "Feature", "properties": { "osm_type": "node", "osm_id": 3738891349, "name": "AB shop and go", "brand": null, "operator": null, "shop": "supermarket", "addr:street": "Πόντου", "addr:housenumber": "206", "opening_hours": null, "website": null, "phone": null, "longitude": 22.9601386, "latitude": 40.5725748 }, "geometry": { "type": "Point", "coordinates": [ 22.9601386, 40.5725748 ] } },
{ "type": "Feature", "properties": { "osm_type": "node", "osm_id": 3738891997, "name": "Ελληνικά market", "brand": null, "operator": null, "shop": "supermarket", "addr:street": null, "addr:housenumber": null, "opening_hours": null, "website": null, "phone": null, "longitude": 22.9672131, "latitude": 40.5841051 }, "geometry": { "type": "Point", "coordinates": [ 22.9672131, 40.5841051 ] } },
{ "type": "Feature", "properties": { "osm_type": "node", "osm_id": 3738893076, "name": "Γαλαξίας", "brand": "Γαλαξίας", "operator": null, "shop": "supermarket", "addr:street": "Δελφών", "addr:housenumber": null, "opening_hours": null, "website": null, "phone": null, "longitude": 22.9577357, "latitude": 40.6131787 }, "geometry": { "type": "Point", "coordinates": [ 22.9577357, 40.6131787 ] } },
{ "type": "Feature", "properties": { "osm_type": "node", "osm_id": 3738893229, "name": "Edelweiss", "brand": null, "operator": null, "shop": "supermarket", "addr:street": null, "addr:housenumber": null, "opening_hours": null, "website": null, "phone": null, "longitude": 22.9650777, "latitude": 40.583588 }, "geometry": { "type": "Point", "coordinates": [ 22.9650777, 40.583588 ] } },
{ "type": "Feature", "properties": { "osm_type": "node", "osm_id": 3738896228, "name": "Market In", "brand": null, "operator": null, "shop": "supermarket", "addr:street": "Ανδρούτσου", "addr:housenumber": "35", "opening_hours": null, "website": "https://www.market-in.gr/", "phone": "+30 2311 828142", "longitude": 22.958258, "latitude": 40.5724827 }, "geometry": { "type": "Point", "coordinates": [ 22.958258, 40.5724827 ] } },
{ "type": "Feature", "properties": { "osm_type": "node", "osm_id": 3738897778, "name": "Bazaar", "brand": null, "operator": null, "shop": "supermarket", "addr:street": null, "addr:housenumber": null, "opening_hours": null, "website": null, "phone": null, "longitude": 22.9595078, "latitude": 40.6060638 }, "geometry": { "type": "Point", "coordinates": [ 22.9595078, 40.6060638 ] } },
{ "type": "Feature", "properties": { "osm_type": "node", "osm_id": 3738897786, "name": "Σκλαβενίτης", "brand": "Σκλαβενίτης", "operator": "Σκλαβενίτης", "shop": "supermarket", "addr:street": "Δελφών", "addr:housenumber": "19", "opening_hours": "Mo-Fr 08:00-21:00; Sa 08:00-20:00; Su,PH off", "website": "https://www.sklavenitis.gr/", "phone": "+30 2310 810108", "longitude": 22.9583339, "latitude": 40.6152911 }, "geometry": { "type": "Point", "coordinates": [ 22.9583339, 40.6152911 ] } },
{ "type": "Feature", "properties": { "osm_type": "node", "osm_id": 3738897835, "name": "Μασούτης", "brand": "Μασούτης", "operator": null, "shop": "supermarket", "addr:street": "Αγγελάκη", "addr:housenumber": "16", "opening_hours": "Mo-Fr 08:00-21:00, Sa 08:00-20:00", "website": "https://www.masoutis.gr/", "phone": "+30 2310 276829", "longitude": 22.9536758, "latitude": 40.629705 }, "geometry": { "type": "Point", "coordinates": [ 22.9536758, 40.629705 ] } },
{ "type": "Feature", "properties": { "osm_type": "node", "osm_id": 3738898455, "name": "Discount Markt", "brand": null, "operator": null, "shop": "supermarket", "addr:street": "Αγίου Δημητρίου", "addr:housenumber": "115", "opening_hours": null, "website": "https://discountmarkt.gr/", "phone": null, "longitude": 22.9505997, "latitude": 40.6371866 }, "geometry": { "type": "Point", "coordinates": [ 22.9505997, 40.6371866 ] } },
{ "type": "Feature", "properties": { "osm_type": "node", "osm_id": 3908014966, "name": "Μασούτης", "brand": "Μασούτης", "operator": null, "shop": "supermarket", "addr:street": "Φιλήντα Μένου", "addr:housenumber": "7", "opening_hours": "Mo-Fr 08:00-21:00; Sa 08:00-20:00", "website": null, "phone": "+30 2310945355", "longitude": 22.9787221, "latitude": 40.605576 }, "geometry": { "type": "Point", "coordinates": [ 22.9787221, 40.605576 ] } },
{ "type": "Feature", "properties": { "osm_type": "node", "osm_id": 3908753899, "name": "Μασούτης", "brand": "Μασούτης", "operator": null, "shop": "supermarket", "addr:street": "Κρήτης", "addr:housenumber": "16", "opening_hours": "Mo-Fr 08:00-21:00; Sa 08:00-20:00", "website": "https://www.masoutis.gr/", "phone": "+30 2310 815641", "longitude": 22.9561052, "latitude": 40.6028754 }, "geometry": { "type": "Point", "coordinates": [ 22.9561052, 40.6028754 ] } },
{ "type": "Feature", "properties": { "osm_type": "node", "osm_id": 3909685401, "name": "Μασούτης", "brand": "Μασούτης", "operator": null, "shop": "supermarket", "addr:street": "Αγίου Σπυρίδωνος", "addr:housenumber": "33", "opening_hours": "Mo-Fr 08:00-21:00; Sa 08:00-20:00", "website": "https://www.masoutis.gr/", "phone": "+30 2310 909755", "longitude": 22.9737142, "latitude": 40.6234322 }, "geometry": { "type": "Point", "coordinates": [ 22.9737142, 40.6234322 ] } },
{ "type": "Feature", "properties": { "osm_type": "node", "osm_id": 3909699846, "name": "ΑΒ Βασιλόπουλος", "brand": "ΑΒ Βασιλόπουλος", "operator": null, "shop": "supermarket", "addr:street": "Αγίας Σοφίας", "addr:housenumber": "3", "opening_hours": null, "website": null, "phone": null, "longitude": 22.9433315, "latitude": 40.6310207 }, "geometry": { "type": "Point", "coordinates": [ 22.9433315, 40.6310207 ] } },
{ "type": "Feature", "properties": { "osm_type": "node", "osm_id": 3918331397, "name": "Σκλαβενίτης", "brand": "Σκλαβενίτης", "operator": "Σκλαβενίτης", "shop": "supermarket", "addr:street": "Μαγνησίας", "addr:housenumber": null, "opening_hours": "Mo-Fr 08:00-21:00; Sa 08:00-20:00; Su,PH off", "website": "https://www.sklavenitis.gr/", "phone": "+30 2310 640872;+30 2310 640873", "longitude": 22.9288705, "latitude": 40.6575352 }, "geometry": { "type": "Point", "coordinates": [ 22.9288705, 40.6575352 ] } },
{ "type": "Feature", "properties": { "osm_type": "node", "osm_id": 3926089416, "name": "Μόσχα (Moskva)", "brand": null, "operator": null, "shop": "supermarket", "addr:street": null, "addr:housenumber": null, "opening_hours": null, "website": null, "phone": null, "longitude": 22.9355034, "latitude": 40.6425913 }, "geometry": { "type": "Point", "coordinates": [ 22.9355034, 40.6425913 ] } },
{ "type": "Feature", "properties": { "osm_type": "node", "osm_id": 4071051272, "name": "Αφροδίτη", "brand": null, "operator": null, "shop": "supermarket", "addr:street": null, "addr:housenumber": null, "opening_hours": "Mo-Fr 08:00-21:00, Sa 08:00-20:00", "website": "https://smafroditi.gr/", "phone": null, "longitude": 22.9367948, "latitude": 40.6393569 }, "geometry": { "type": "Point", "coordinates": [ 22.9367948, 40.6393569 ] } },
{ "type": "Feature", "properties": { "osm_type": "node", "osm_id": 4159081609, "name": "Σκλαβενίτης", "brand": "Σκλαβενίτης", "operator": "Σκλαβενίτης", "shop": "supermarket", "addr:street": "Ιωάννου Πανταζίδου", "addr:housenumber": "4", "opening_hours": "Mo-Fr 08:00-21:00; Sa 08:00-20:00; Su,PH off", "website": "https://www.sklavenitis.gr/", "phone": "+30 2310 908816;+30 2310 908812", "longitude": 22.9827811, "latitude": 40.6118432 }, "geometry": { "type": "Point", "coordinates": [ 22.9827811, 40.6118432 ] } },
{ "type": "Feature", "properties": { "osm_type": "node", "osm_id": 4178812635, "name": "Μασούτης", "brand": "Μασούτης", "operator": null, "shop": "supermarket", "addr:street": null, "addr:housenumber": null, "opening_hours": null, "website": null, "phone": null, "longitude": 22.9446226, "latitude": 40.6512334 }, "geometry": { "type": "Point", "coordinates": [ 22.9446226, 40.6512334 ] } },
{ "type": "Feature", "properties": { "osm_type": "node", "osm_id": 4290271488, "name": "ΑΒ Βασιλόπουλος", "brand": "ΑΒ Βασιλόπουλος", "operator": null, "shop": "supermarket", "addr:street": "Επιδαύρου", "addr:housenumber": "49-51", "opening_hours": null, "website": null, "phone": null, "longitude": 22.9813498, "latitude": 40.6080422 }, "geometry": { "type": "Point", "coordinates": [ 22.9813498, 40.6080422 ] } },
{ "type": "Feature", "properties": { "osm_type": "node", "osm_id": 4357422940, "name": "Afroditi", "brand": null, "operator": null, "shop": "supermarket", "addr:street": "Χαιριανών", "addr:housenumber": "1", "opening_hours": null, "website": null, "phone": "+302310458866", "longitude": 22.9546169, "latitude": 40.5803886 }, "geometry": { "type": "Point", "coordinates": [ 22.9546169, 40.5803886 ] } },
{ "type": "Feature", "properties": { "osm_type": "node", "osm_id": 4393323790, "name": null, "brand": null, "operator": null, "shop": "supermarket", "addr:street": null, "addr:housenumber": null, "opening_hours": null, "website": null, "phone": null, "longitude": 22.9379475, "latitude": 40.6483011 }, "geometry": { "type": "Point", "coordinates": [ 22.9379475, 40.6483011 ] } },
{ "type": "Feature", "properties": { "osm_type": "node", "osm_id": 4413738564, "name": "Μασούτης", "brand": "Μασούτης", "operator": null, "shop": "supermarket", "addr:street": "Παστέρ", "addr:housenumber": "12", "opening_hours": "Mo-Fr 08:00-21:00; Sa 08:00-20:00", "website": "https://www.masoutis.gr/", "phone": "+30 2310 275926", "longitude": 22.9462812, "latitude": 40.6398856 }, "geometry": { "type": "Point", "coordinates": [ 22.9462812, 40.6398856 ] } },
{ "type": "Feature", "properties": { "osm_type": "node", "osm_id": 4416042865, "name": "Μασούτης", "brand": "Μασούτης", "operator": null, "shop": "supermarket", "addr:street": "Παρασκευοπούλου", "addr:housenumber": "43", "opening_hours": "Mo-Fr 08:00-21:00; Sa 08:00-20:00", "website": "https://www.masoutis.gr/", "phone": "+30 2310 818210", "longitude": 22.9602202, "latitude": 40.6164931 }, "geometry": { "type": "Point", "coordinates": [ 22.9602202, 40.6164931 ] } },
{ "type": "Feature", "properties": { "osm_type": "node", "osm_id": 4439732183, "name": "ΑΦΡΟΔΙΤΗ S/M", "brand": null, "operator": null, "shop": "supermarket", "addr:street": null, "addr:housenumber": null, "opening_hours": null, "website": null, "phone": null, "longitude": 22.9561477, "latitude": 40.586792 }, "geometry": { "type": "Point", "coordinates": [ 22.9561477, 40.586792 ] } },
{ "type": "Feature", "properties": { "osm_type": "node", "osm_id": 4439733261, "name": "Lidl", "brand": "Lidl", "operator": null, "shop": "supermarket", "addr:street": null, "addr:housenumber": null, "opening_hours": null, "website": null, "phone": null, "longitude": 22.9610072, "latitude": 40.5886118 }, "geometry": { "type": "Point", "coordinates": [ 22.9610072, 40.5886118 ] } },
{ "type": "Feature", "properties": { "osm_type": "node", "osm_id": 4665254617, "name": "Μασούτης", "brand": "Μασούτης", "operator": null, "shop": "supermarket", "addr:street": "Αγίας Σοφίας", "addr:housenumber": "46", "opening_hours": "Mo-Fr 08:00-21:00, Sa 08:00-20:00", "website": "https://www.masoutis.gr/", "phone": "+30 2310 277894", "longitude": 22.946856, "latitude": 40.6340655 }, "geometry": { "type": "Point", "coordinates": [ 22.946856, 40.6340655 ] } },
{ "type": "Feature", "properties": { "osm_type": "node", "osm_id": 4836336822, "name": "Ελληνικά Μάρκετ", "brand": null, "operator": null, "shop": "supermarket", "addr:street": "Ελευθερίου Βενιζέλου", "addr:housenumber": "14", "opening_hours": "Mo-Sa 08:00-22:00; Su 11:00-15:00", "website": null, "phone": null, "longitude": 22.9691867, "latitude": 40.6214944 }, "geometry": { "type": "Point", "coordinates": [ 22.9691867, 40.6214944 ] } },
{ "type": "Feature", "properties": { "osm_type": "node", "osm_id": 4838433721, "name": "Μασούτης", "brand": "Μασούτης", "operator": null, "shop": "supermarket", "addr:street": "Φιλικής Εταιρείας", "addr:housenumber": "3", "opening_hours": "Mo-Fr 08:00-21:00; Sa 08:00-20:00", "website": "https://masoutis.gr/", "phone": "+30 2310 908704", "longitude": 22.9701087, "latitude": 40.6200951 }, "geometry": { "type": "Point", "coordinates": [ 22.9701087, 40.6200951 ] } },
{ "type": "Feature", "properties": { "osm_type": "node", "osm_id": 4868565611, "name": "Μασούτης", "brand": "Μασούτης", "operator": null, "shop": "supermarket", "addr:street": null, "addr:housenumber": null, "opening_hours": null, "website": null, "phone": null, "longitude": 22.9535888, "latitude": 40.6544629 }, "geometry": { "type": "Point", "coordinates": [ 22.9535888, 40.6544629 ] } },
{ "type": "Feature", "properties": { "osm_type": "node", "osm_id": 4885765042, "name": "Μασούτης", "brand": "Μασούτης", "operator": null, "shop": "supermarket", "addr:street": null, "addr:housenumber": null, "opening_hours": null, "website": null, "phone": null, "longitude": 22.9589005, "latitude": 40.5831127 }, "geometry": { "type": "Point", "coordinates": [ 22.9589005, 40.5831127 ] } },
{ "type": "Feature", "properties": { "osm_type": "node", "osm_id": 4941448021, "name": "Μασούτης", "brand": "Μασούτης", "operator": null, "shop": "supermarket", "addr:street": "Φιλελλήνων", "addr:housenumber": "42", "opening_hours": null, "website": null, "phone": null, "longitude": 23.0130891, "latitude": 40.5785148 }, "geometry": { "type": "Point", "coordinates": [ 23.0130891, 40.5785148 ] } },
{ "type": "Feature", "properties": { "osm_type": "node", "osm_id": 4954347224, "name": "Μπαζααρ", "brand": null, "operator": null, "shop": "supermarket", "addr:street": null, "addr:housenumber": null, "opening_hours": null, "website": null, "phone": null, "longitude": 22.9497268, "latitude": 40.6358518 }, "geometry": { "type": "Point", "coordinates": [ 22.9497268, 40.6358518 ] } },
{ "type": "Feature", "properties": { "osm_type": "node", "osm_id": 5052026141, "name": "Μασούτης", "brand": "Μασούτης", "operator": null, "shop": "supermarket", "addr:street": "Θεμιστοκλή Σοφούλη", "addr:housenumber": "67", "opening_hours": null, "website": null, "phone": null, "longitude": 22.9481159, "latitude": 40.5912911 }, "geometry": { "type": "Point", "coordinates": [ 22.9481159, 40.5912911 ] } },
{ "type": "Feature", "properties": { "osm_type": "node", "osm_id": 5063844582, "name": "Γαλαξίας", "brand": "Γαλαξίας", "operator": null, "shop": "supermarket", "addr:street": "Αναξιμένους", "addr:housenumber": "26", "opening_hours": "Mo-Fr 08:00-21:00; Sa 08:00-20:00", "website": null, "phone": "+30 2310896523", "longitude": 22.9810949, "latitude": 40.6042814 }, "geometry": { "type": "Point", "coordinates": [ 22.9810949, 40.6042814 ] } },
{ "type": "Feature", "properties": { "osm_type": "node", "osm_id": 5173157757, "name": "Σκλαβενίτης", "brand": "Σκλαβενίτης", "operator": "Σκλαβενίτης", "shop": "supermarket", "addr:street": "Κωνσταντινουπόλεως", "addr:housenumber": "55", "opening_hours": "Mo-Fr 08:00-21:00; Sa 08:00-20:00; Su,PH off", "website": "https://www.sklavenitis.gr/", "phone": "+30 2310 865036", "longitude": 22.9620103, "latitude": 40.6110425 }, "geometry": { "type": "Point", "coordinates": [ 22.9620103, 40.6110425 ] } },
{ "type": "Feature", "properties": { "osm_type": "node", "osm_id": 5173172019, "name": "Σκλαβενίτης", "brand": "Σκλαβενίτης", "operator": null, "shop": "supermarket", "addr:street": "Βασιλίσσης Όλγας", "addr:housenumber": "164", "opening_hours": "Mo-Fr 08:00-21:00; Sa 08:00-20:00; Su,PH off", "website": "https://www.sklavenitis.gr/", "phone": "+30 2310 415314;+30 2310 416372", "longitude": 22.954764, "latitude": 40.598705 }, "geometry": { "type": "Point", "coordinates": [ 22.954764, 40.598705 ] } },
{ "type": "Feature", "properties": { "osm_type": "node", "osm_id": 5173175428, "name": "Bazaar", "brand": "Bazaar", "operator": null, "shop": "supermarket", "addr:street": "Αλεξάνδρου Παπαναστασίου", "addr:housenumber": "68", "opening_hours": "Mo-Fr 08:00-21:00, Sa 08:00-20:00", "website": "https://www.bazaar-online.gr/", "phone": null, "longitude": 22.9648874, "latitude": 40.6099288 }, "geometry": { "type": "Point", "coordinates": [ 22.9648874, 40.6099288 ] } },
{ "type": "Feature", "properties": { "osm_type": "node", "osm_id": 5194994534, "name": "Σκλαβενίτης", "brand": "Σκλαβενίτης", "operator": "Σκλαβενίτης", "shop": "supermarket", "addr:street": "Εθνικής Αντιστάσεως", "addr:housenumber": "33", "opening_hours": "Mo-Fr 08:00-21:00; Sa 08:00-20:00; Su,PH off", "website": "https://www.sklavenitis.gr/", "phone": "+30 2310 456911;+30 2310 456912", "longitude": 22.962702, "latitude": 40.5868546 }, "geometry": { "type": "Point", "coordinates": [ 22.962702, 40.5868546 ] } },
{ "type": "Feature", "properties": { "osm_type": "node", "osm_id": 5195067793, "name": "Τριανταφύλλου", "brand": null, "operator": null, "shop": "supermarket", "addr:street": "Τρανού Αντωνίου", "addr:housenumber": "28", "opening_hours": "Mo-Fr 08:00-21:00; Sa 08:00-20:00; Su,PH off", "website": null, "phone": null, "longitude": 22.9499701, "latitude": 40.6506846 }, "geometry": { "type": "Point", "coordinates": [ 22.9499701, 40.6506846 ] } },
{ "type": "Feature", "properties": { "osm_type": "node", "osm_id": 5303144914, "name": "My market", "brand": null, "operator": null, "shop": "supermarket", "addr:street": "Βασιλίσσης Όλγας", "addr:housenumber": "225", "opening_hours": null, "website": null, "phone": null, "longitude": 22.9562763, "latitude": 40.5962338 }, "geometry": { "type": "Point", "coordinates": [ 22.9562763, 40.5962338 ] } },
{ "type": "Feature", "properties": { "osm_type": "node", "osm_id": 5309212804, "name": "Μασούτης", "brand": "Μασούτης", "operator": null, "shop": "supermarket", "addr:street": "Παπάφη", "addr:housenumber": "23", "opening_hours": "Mo-Fr 08:00-21:00; Sa 08:00-20:00", "website": "https://www.masoutis.gr/", "phone": "+30 2310 845605", "longitude": 22.9616171, "latitude": 40.6208786 }, "geometry": { "type": "Point", "coordinates": [ 22.9616171, 40.6208786 ] } },
{ "type": "Feature", "properties": { "osm_type": "node", "osm_id": 5337439651, "name": "Μασούτης", "brand": "Μασούτης", "operator": null, "shop": "supermarket", "addr:street": "Κίμωνος Βόγα", "addr:housenumber": "89", "opening_hours": "Mo-Fr 08:00-21:00; Sa 08:00-20:00", "website": "https://www.masoutis.gr/", "phone": "+30 2310 835352", "longitude": 22.9533388, "latitude": 40.5997379 }, "geometry": { "type": "Point", "coordinates": [ 22.9533388, 40.5997379 ] } },
{ "type": "Feature", "properties": { "osm_type": "node", "osm_id": 5455057102, "name": "Ok!", "brand": null, "operator": null, "shop": "supermarket", "addr:street": null, "addr:housenumber": null, "opening_hours": "Mo-Su 08:00-23:00", "website": null, "phone": null, "longitude": 22.9528465, "latitude": 40.638679 }, "geometry": { "type": "Point", "coordinates": [ 22.9528465, 40.638679 ] } },
{ "type": "Feature", "properties": { "osm_type": "node", "osm_id": 5455057106, "name": "Μασούτης", "brand": "Μασούτης", "operator": null, "shop": "supermarket", "addr:street": "Κυριάκου Μανωλάκη", "addr:housenumber": "18", "opening_hours": "Mo-Fr 08:00-21:00; Sa 08:00-20:00", "website": "https://www.masoutis.gr/", "phone": "+30 2310 203228", "longitude": 22.9529303, "latitude": 40.6355287 }, "geometry": { "type": "Point", "coordinates": [ 22.9529303, 40.6355287 ] } },
{ "type": "Feature", "properties": { "osm_type": "node", "osm_id": 5455057164, "name": "ΑΒ Βασιλόπουλος", "brand": "ΑΒ Βασιλόπουλος", "operator": null, "shop": "supermarket", "addr:street": null, "addr:housenumber": null, "opening_hours": null, "website": null, "phone": null, "longitude": 22.9512532, "latitude": 40.6377805 }, "geometry": { "type": "Point", "coordinates": [ 22.9512532, 40.6377805 ] } },
{ "type": "Feature", "properties": { "osm_type": "node", "osm_id": 5599261829, "name": "Μασούτης", "brand": "Μασούτης", "operator": null, "shop": "supermarket", "addr:street": "Μεγάλου Αλεξάνδρου", "addr:housenumber": "21", "opening_hours": null, "website": "https://www.masoutis.gr/", "phone": null, "longitude": 22.9817839, "latitude": 40.5978083 }, "geometry": { "type": "Point", "coordinates": [ 22.9817839, 40.5978083 ] } },
{ "type": "Feature", "properties": { "osm_type": "node", "osm_id": 5624656326, "name": "Discount Markt", "brand": null, "operator": null, "shop": "supermarket", "addr:street": "Ετεοκλέους", "addr:housenumber": null, "opening_hours": "Mo-Fr 08:00-21:00, Sa 08:00-20:00", "website": "https://www.discountmarkt.gr/", "phone": null, "longitude": 22.9749575, "latitude": 40.5992107 }, "geometry": { "type": "Point", "coordinates": [ 22.9749575, 40.5992107 ] } },
{ "type": "Feature", "properties": { "osm_type": "node", "osm_id": 5785011675, "name": "Κρητικός", "brand": null, "operator": null, "shop": "supermarket", "addr:street": "Ικονίου Προκοπίου", "addr:housenumber": null, "opening_hours": null, "website": null, "phone": null, "longitude": 22.9369037, "latitude": 40.6479416 }, "geometry": { "type": "Point", "coordinates": [ 22.9369037, 40.6479416 ] } },
{ "type": "Feature", "properties": { "osm_type": "node", "osm_id": 5808189715, "name": "Discount Μarkt", "brand": null, "operator": "Discount Μarkt", "shop": "supermarket", "addr:street": "Αρκαδίου", "addr:housenumber": "10", "opening_hours": null, "website": null, "phone": null, "longitude": 22.9178146, "latitude": 40.6541417 }, "geometry": { "type": "Point", "coordinates": [ 22.9178146, 40.6541417 ] } },
{ "type": "Feature", "properties": { "osm_type": "node", "osm_id": 5808189725, "name": "Discountmarkt", "brand": null, "operator": "Discountmarkt", "shop": "supermarket", "addr:street": "Σταύρου Θεοδοσίου", "addr:housenumber": "8", "opening_hours": null, "website": null, "phone": null, "longitude": 22.928404, "latitude": 40.6485378 }, "geometry": { "type": "Point", "coordinates": [ 22.928404, 40.6485378 ] } },
{ "type": "Feature", "properties": { "osm_type": "node", "osm_id": 5808192518, "name": "Discount Markt", "brand": null, "operator": "Discountmarkt", "shop": "supermarket", "addr:street": "Κ. Καραμανλή", "addr:housenumber": "64", "opening_hours": "Mo-Fr 08:00-21:00; Sa 08:00-20:00", "website": null, "phone": null, "longitude": 22.9357177, "latitude": 40.6548152 }, "geometry": { "type": "Point", "coordinates": [ 22.9357177, 40.6548152 ] } },
{ "type": "Feature", "properties": { "osm_type": "node", "osm_id": 5887276523, "name": "ΑΒ Βασιλόπουλος", "brand": "ΑΒ Βασιλόπουλος", "operator": null, "shop": "supermarket", "addr:street": "Εθνικής Αντίστασης", "addr:housenumber": "18", "opening_hours": "Mo-Fr 08:00-21:00; Sa 08:00-20:00", "website": null, "phone": null, "longitude": 22.9613946, "latitude": 40.5875015 }, "geometry": { "type": "Point", "coordinates": [ 22.9613946, 40.5875015 ] } },
{ "type": "Feature", "properties": { "osm_type": "node", "osm_id": 5944533044, "name": "My Market", "brand": null, "operator": null, "shop": "supermarket", "addr:street": "Λαγκαδά", "addr:housenumber": "163", "opening_hours": "Mo-Fr 08:00-21:00; Sa 08:00-20:00", "website": null, "phone": null, "longitude": 22.9344324, "latitude": 40.6536541 }, "geometry": { "type": "Point", "coordinates": [ 22.9344324, 40.6536541 ] } },
{ "type": "Feature", "properties": { "osm_type": "node", "osm_id": 5954579285, "name": "Μασούτης", "brand": "Μασούτης", "operator": null, "shop": "supermarket", "addr:street": "Στρατηγού Καλλάρη", "addr:housenumber": "4", "opening_hours": "Mo-Fr 08:00-21:00; Sa 08:00-20:00", "website": "https://www.masoutis.gr/", "phone": "+30 2310 230539", "longitude": 22.947105, "latitude": 40.6281225 }, "geometry": { "type": "Point", "coordinates": [ 22.947105, 40.6281225 ] } },
{ "type": "Feature", "properties": { "osm_type": "node", "osm_id": 5967826310, "name": "Άλλος Τρόπος", "brand": null, "operator": null, "shop": "supermarket", "addr:street": "Χαλκιδικής", "addr:housenumber": "77", "opening_hours": "Mo-Fr 09:00-21:00; Sa 09:00-17:00", "website": "https://allostropos.gr/", "phone": "+302310866410", "longitude": 22.9577598, "latitude": 40.6032041 }, "geometry": { "type": "Point", "coordinates": [ 22.9577598, 40.6032041 ] } },
{ "type": "Feature", "properties": { "osm_type": "node", "osm_id": 5975991873, "name": "Discount Markt", "brand": null, "operator": null, "shop": "supermarket", "addr:street": null, "addr:housenumber": null, "opening_hours": null, "website": null, "phone": null, "longitude": 22.9693116, "latitude": 40.618277 }, "geometry": { "type": "Point", "coordinates": [ 22.9693116, 40.618277 ] } },
{ "type": "Feature", "properties": { "osm_type": "node", "osm_id": 6013295639, "name": "Ναταλί", "brand": null, "operator": null, "shop": "supermarket", "addr:street": null, "addr:housenumber": null, "opening_hours": null, "website": null, "phone": null, "longitude": 22.9613128, "latitude": 40.5882012 }, "geometry": { "type": "Point", "coordinates": [ 22.9613128, 40.5882012 ] } },
{ "type": "Feature", "properties": { "osm_type": "node", "osm_id": 6013295642, "name": "Γαλαξίας", "brand": "Γαλαξίας", "operator": null, "shop": "supermarket", "addr:street": null, "addr:housenumber": null, "opening_hours": null, "website": null, "phone": null, "longitude": 22.9607876, "latitude": 40.5880216 }, "geometry": { "type": "Point", "coordinates": [ 22.9607876, 40.5880216 ] } },
{ "type": "Feature", "properties": { "osm_type": "node", "osm_id": 6053750488, "name": "ΚΡΗΤΙΚΟΣ Super Market", "brand": "ΚΡΗΤΙΚΟΣ", "operator": null, "shop": "supermarket", "addr:street": null, "addr:housenumber": null, "opening_hours": null, "website": null, "phone": null, "longitude": 22.9535235, "latitude": 40.6109561 }, "geometry": { "type": "Point", "coordinates": [ 22.9535235, 40.6109561 ] } },
{ "type": "Feature", "properties": { "osm_type": "node", "osm_id": 6053759606, "name": "Μασούτης", "brand": "Μασούτης", "operator": null, "shop": "supermarket", "addr:street": "Αλβέρτου Ναρ", "addr:housenumber": "6,8", "opening_hours": "Mo-Fr 08:00-21:00; Sa 08:00-20:00", "website": "https://www.masoutis.gr/", "phone": "+30 2310 859808", "longitude": 22.9547803, "latitude": 40.6135916 }, "geometry": { "type": "Point", "coordinates": [ 22.9547803, 40.6135916 ] } },
{ "type": "Feature", "properties": { "osm_type": "node", "osm_id": 6053759616, "name": "Γαλαξίας", "brand": "Γαλαξίας", "operator": null, "shop": "supermarket", "addr:street": null, "addr:housenumber": null, "opening_hours": null, "website": null, "phone": null, "longitude": 22.9395508, "latitude": 40.6415532 }, "geometry": { "type": "Point", "coordinates": [ 22.9395508, 40.6415532 ] } },
{ "type": "Feature", "properties": { "osm_type": "node", "osm_id": 6053759617, "name": "ΑΒ Βασιλόπουλος", "brand": "ΑΒ Βασιλόπουλος", "operator": null, "shop": "supermarket", "addr:street": "Καραολή και Δημητρίου", "addr:housenumber": null, "opening_hours": null, "website": null, "phone": null, "longitude": 22.9379187, "latitude": 40.6402525 }, "geometry": { "type": "Point", "coordinates": [ 22.9379187, 40.6402525 ] } },
{ "type": "Feature", "properties": { "osm_type": "node", "osm_id": 6053759621, "name": "ΑΒ Βασιλόπουλος", "brand": "ΑΒ Βασιλόπουλος", "operator": null, "shop": "supermarket", "addr:street": "Στρατού", "addr:housenumber": "20", "opening_hours": "Mo-Fr 08:00-21:00, Sa 08:00-20:00", "website": null, "phone": null, "longitude": 22.9578443, "latitude": 40.6194781 }, "geometry": { "type": "Point", "coordinates": [ 22.9578443, 40.6194781 ] } },
{ "type": "Feature", "properties": { "osm_type": "node", "osm_id": 6053759623, "name": "Discount Market", "brand": null, "operator": null, "shop": "supermarket", "addr:street": null, "addr:housenumber": null, "opening_hours": null, "website": null, "phone": null, "longitude": 22.9575953, "latitude": 40.620637 }, "geometry": { "type": "Point", "coordinates": [ 22.9575953, 40.620637 ] } },
{ "type": "Feature", "properties": { "osm_type": "node", "osm_id": 6053759632, "name": "Bazaar", "brand": "Bazaar", "operator": null, "shop": "supermarket", "addr:street": null, "addr:housenumber": null, "opening_hours": null, "website": null, "phone": null, "longitude": 22.9536502, "latitude": 40.6007827 }, "geometry": { "type": "Point", "coordinates": [ 22.9536502, 40.6007827 ] } },
{ "type": "Feature", "properties": { "osm_type": "node", "osm_id": 6053759638, "name": null, "brand": null, "operator": null, "shop": "supermarket", "addr:street": null, "addr:housenumber": null, "opening_hours": null, "website": null, "phone": null, "longitude": 22.9562462, "latitude": 40.6085779 }, "geometry": { "type": "Point", "coordinates": [ 22.9562462, 40.6085779 ] } },
{ "type": "Feature", "properties": { "osm_type": "node", "osm_id": 6053773394, "name": "Μασούτης", "brand": "Μασούτης", "operator": null, "shop": "supermarket", "addr:street": "Στρατού", "addr:housenumber": "16", "opening_hours": "Mo-Fr 08:00-21:00, Sa 08:00-20:00", "website": "https://www.masoutis.gr/", "phone": null, "longitude": 22.9576187, "latitude": 40.6198776 }, "geometry": { "type": "Point", "coordinates": [ 22.9576187, 40.6198776 ] } },
{ "type": "Feature", "properties": { "osm_type": "node", "osm_id": 6053773397, "name": "Bazaar", "brand": "Bazaar", "operator": null, "shop": "supermarket", "addr:street": null, "addr:housenumber": null, "opening_hours": null, "website": null, "phone": null, "longitude": 22.9393325, "latitude": 40.640539 }, "geometry": { "type": "Point", "coordinates": [ 22.9393325, 40.640539 ] } },
{ "type": "Feature", "properties": { "osm_type": "node", "osm_id": 6053784087, "name": "Discount Market", "brand": null, "operator": null, "shop": "supermarket", "addr:street": null, "addr:housenumber": null, "opening_hours": null, "website": null, "phone": null, "longitude": 22.9568386, "latitude": 40.6115115 }, "geometry": { "type": "Point", "coordinates": [ 22.9568386, 40.6115115 ] } },
{ "type": "Feature", "properties": { "osm_type": "node", "osm_id": 6058436940, "name": "ΑΦΡΟΔΙΤΗ S/M", "brand": null, "operator": null, "shop": "supermarket", "addr:street": "Μαρασλή", "addr:housenumber": "18", "opening_hours": "Mo-Fr 08:00-21:00, Sa 08:00-20:00", "website": "https://smafroditi.gr/", "phone": null, "longitude": 22.961549, "latitude": 40.6005095 }, "geometry": { "type": "Point", "coordinates": [ 22.961549, 40.6005095 ] } },
{ "type": "Feature", "properties": { "osm_type": "node", "osm_id": 6058436941, "name": "Το Σημείο (Express Market)", "brand": null, "operator": null, "shop": "supermarket", "addr:street": "Δελφών", "addr:housenumber": "216", "opening_hours": "24/7", "website": null, "phone": null, "longitude": 22.9583348, "latitude": 40.5962676 }, "geometry": { "type": "Point", "coordinates": [ 22.9583348, 40.5962676 ] } },
{ "type": "Feature", "properties": { "osm_type": "node", "osm_id": 6112837898, "name": "Μασούτης", "brand": "Μασούτης", "operator": null, "shop": "supermarket", "addr:street": "Ολύμπου", "addr:housenumber": "115", "opening_hours": "Mo-Fr 08:00-21:00; Sa 08:00-20:00", "website": "https://www.masoutis.gr/", "phone": "+30 2310 203429", "longitude": 22.9511704, "latitude": 40.6357209 }, "geometry": { "type": "Point", "coordinates": [ 22.9511704, 40.6357209 ] } },
{ "type": "Feature", "properties": { "osm_type": "node", "osm_id": 6266678872, "name": "Μασούτης", "brand": "Μασούτης", "operator": null, "shop": "supermarket", "addr:street": "Εγνατία", "addr:housenumber": "93", "opening_hours": "Mo-Fr 08:00-21:00, Sa 08:00-20:00", "website": "https://masoutis.gr/", "phone": "+30 2310 222884", "longitude": 22.9489019, "latitude": 40.6336233 }, "geometry": { "type": "Point", "coordinates": [ 22.9489019, 40.6336233 ] } },
{ "type": "Feature", "properties": { "osm_type": "node", "osm_id": 6710015686, "name": "청과시장", "brand": null, "operator": null, "shop": "supermarket", "addr:street": null, "addr:housenumber": null, "opening_hours": null, "website": null, "phone": null, "longitude": 22.944376, "latitude": 40.6348927 }, "geometry": { "type": "Point", "coordinates": [ 22.944376, 40.6348927 ] } },
{ "type": "Feature", "properties": { "osm_type": "node", "osm_id": 6710018386, "name": "시장", "brand": null, "operator": null, "shop": "supermarket", "addr:street": null, "addr:housenumber": null, "opening_hours": null, "website": null, "phone": null, "longitude": 22.9428994, "latitude": 40.6357871 }, "geometry": { "type": "Point", "coordinates": [ 22.9428994, 40.6357871 ] } },
{ "type": "Feature", "properties": { "osm_type": "node", "osm_id": 6742388624, "name": "Μασούτης", "brand": "Μασούτης", "operator": null, "shop": "supermarket", "addr:street": "Πλατεία Μηνά Πατρικίου", "addr:housenumber": "2", "opening_hours": "Mo-Fr 08:00-21:00, Sa 08:00-20:00", "website": "https://www.masoutis.gr/", "phone": "+30 2310 322104", "longitude": 22.9588267, "latitude": 40.5988616 }, "geometry": { "type": "Point", "coordinates": [ 22.9588267, 40.5988616 ] } },
{ "type": "Feature", "properties": { "osm_type": "node", "osm_id": 6893514085, "name": null, "brand": null, "operator": null, "shop": "supermarket", "addr:street": null, "addr:housenumber": null, "opening_hours": null, "website": null, "phone": null, "longitude": 22.9513825, "latitude": 40.6365472 }, "geometry": { "type": "Point", "coordinates": [ 22.9513825, 40.6365472 ] } },
{ "type": "Feature", "properties": { "osm_type": "node", "osm_id": 6896192585, "name": "Yes", "brand": null, "operator": null, "shop": "supermarket", "addr:street": null, "addr:housenumber": null, "opening_hours": null, "website": null, "phone": null, "longitude": 22.953111, "latitude": 40.635738 }, "geometry": { "type": "Point", "coordinates": [ 22.953111, 40.635738 ] } },
{ "type": "Feature", "properties": { "osm_type": "node", "osm_id": 6896193089, "name": null, "brand": null, "operator": null, "shop": "supermarket", "addr:street": null, "addr:housenumber": null, "opening_hours": null, "website": null, "phone": null, "longitude": 22.9575246, "latitude": 40.6200561 }, "geometry": { "type": "Point", "coordinates": [ 22.9575246, 40.6200561 ] } },
{ "type": "Feature", "properties": { "osm_type": "node", "osm_id": 6896951697, "name": null, "brand": null, "operator": null, "shop": "supermarket", "addr:street": null, "addr:housenumber": null, "opening_hours": null, "website": null, "phone": null, "longitude": 22.9397525, "latitude": 40.6416394 }, "geometry": { "type": "Point", "coordinates": [ 22.9397525, 40.6416394 ] } },
{ "type": "Feature", "properties": { "osm_type": "node", "osm_id": 6897850987, "name": "Mini smart", "brand": null, "operator": null, "shop": "supermarket", "addr:street": null, "addr:housenumber": null, "opening_hours": null, "website": null, "phone": null, "longitude": 22.9510307, "latitude": 40.6345059 }, "geometry": { "type": "Point", "coordinates": [ 22.9510307, 40.6345059 ] } },
{ "type": "Feature", "properties": { "osm_type": "node", "osm_id": 6897850991, "name": "Bazaar", "brand": "Bazaar", "operator": null, "shop": "supermarket", "addr:street": "Δελφών", "addr:housenumber": null, "opening_hours": null, "website": null, "phone": null, "longitude": 22.9574134, "latitude": 40.6134078 }, "geometry": { "type": "Point", "coordinates": [ 22.9574134, 40.6134078 ] } },
{ "type": "Feature", "properties": { "osm_type": "node", "osm_id": 6897851001, "name": "Μασούτης", "brand": "Μασούτης", "operator": null, "shop": "supermarket", "addr:street": "Κωνσταντινουπόλεως", "addr:housenumber": "37", "opening_hours": "Mo-Fr 08:00-21:00; Sa 08:00-20:00", "website": "https://www.masoutis.gr/", "phone": "+30 2310 868957", "longitude": 22.9604049, "latitude": 40.6145187 }, "geometry": { "type": "Point", "coordinates": [ 22.9604049, 40.6145187 ] } },
{ "type": "Feature", "properties": { "osm_type": "node", "osm_id": 6897851004, "name": "Bazaar", "brand": "Bazaar", "operator": null, "shop": "supermarket", "addr:street": null, "addr:housenumber": null, "opening_hours": null, "website": null, "phone": null, "longitude": 22.9498884, "latitude": 40.6292738 }, "geometry": { "type": "Point", "coordinates": [ 22.9498884, 40.6292738 ] } },
{ "type": "Feature", "properties": { "osm_type": "node", "osm_id": 6897851300, "name": null, "brand": null, "operator": null, "shop": "supermarket", "addr:street": null, "addr:housenumber": null, "opening_hours": null, "website": null, "phone": null, "longitude": 22.9550974, "latitude": 40.6103071 }, "geometry": { "type": "Point", "coordinates": [ 22.9550974, 40.6103071 ] } },
{ "type": "Feature", "properties": { "osm_type": "node", "osm_id": 6897851317, "name": "Naturall", "brand": null, "operator": null, "shop": "supermarket", "addr:street": null, "addr:housenumber": null, "opening_hours": null, "website": null, "phone": null, "longitude": 22.9599691, "latitude": 40.6147882 }, "geometry": { "type": "Point", "coordinates": [ 22.9599691, 40.6147882 ] } },
{ "type": "Feature", "properties": { "osm_type": "node", "osm_id": 6898520988, "name": null, "brand": null, "operator": null, "shop": "supermarket", "addr:street": null, "addr:housenumber": null, "opening_hours": null, "website": null, "phone": null, "longitude": 22.935597, "latitude": 40.6412154 }, "geometry": { "type": "Point", "coordinates": [ 22.935597, 40.6412154 ] } },
{ "type": "Feature", "properties": { "osm_type": "node", "osm_id": 6898520990, "name": "Yes", "brand": null, "operator": null, "shop": "supermarket", "addr:street": null, "addr:housenumber": null, "opening_hours": null, "website": null, "phone": null, "longitude": 22.929042, "latitude": 40.6433907 }, "geometry": { "type": "Point", "coordinates": [ 22.929042, 40.6433907 ] } },
{ "type": "Feature", "properties": { "osm_type": "node", "osm_id": 6900269194, "name": "Yes", "brand": null, "operator": null, "shop": "supermarket", "addr:street": null, "addr:housenumber": null, "opening_hours": null, "website": null, "phone": null, "longitude": 22.941545, "latitude": 40.6384156 }, "geometry": { "type": "Point", "coordinates": [ 22.941545, 40.6384156 ] } },
{ "type": "Feature", "properties": { "osm_type": "node", "osm_id": 6900269225, "name": "Μασούτης", "brand": "Μασούτης", "operator": null, "shop": "supermarket", "addr:street": null, "addr:housenumber": null, "opening_hours": null, "website": null, "phone": null, "longitude": 22.9430479, "latitude": 40.6500777 }, "geometry": { "type": "Point", "coordinates": [ 22.9430479, 40.6500777 ] } },
{ "type": "Feature", "properties": { "osm_type": "node", "osm_id": 6900283097, "name": null, "brand": null, "operator": null, "shop": "supermarket", "addr:street": null, "addr:housenumber": null, "opening_hours": null, "website": null, "phone": null, "longitude": 22.9436447, "latitude": 40.6514818 }, "geometry": { "type": "Point", "coordinates": [ 22.9436447, 40.6514818 ] } },
{ "type": "Feature", "properties": { "osm_type": "node", "osm_id": 6900283187, "name": null, "brand": null, "operator": null, "shop": "supermarket", "addr:street": null, "addr:housenumber": null, "opening_hours": null, "website": null, "phone": null, "longitude": 22.9383245, "latitude": 40.6465112 }, "geometry": { "type": "Point", "coordinates": [ 22.9383245, 40.6465112 ] } },
{ "type": "Feature", "properties": { "osm_type": "node", "osm_id": 6900283491, "name": null, "brand": null, "operator": null, "shop": "supermarket", "addr:street": null, "addr:housenumber": null, "opening_hours": null, "website": null, "phone": null, "longitude": 22.9387966, "latitude": 40.6524152 }, "geometry": { "type": "Point", "coordinates": [ 22.9387966, 40.6524152 ] } },
{ "type": "Feature", "properties": { "osm_type": "node", "osm_id": 6900283500, "name": "Discount Markt", "brand": null, "operator": null, "shop": "supermarket", "addr:street": null, "addr:housenumber": null, "opening_hours": null, "website": null, "phone": null, "longitude": 22.9444722, "latitude": 40.6508578 }, "geometry": { "type": "Point", "coordinates": [ 22.9444722, 40.6508578 ] } },
{ "type": "Feature", "properties": { "osm_type": "node", "osm_id": 7017142317, "name": "Κρητικός", "brand": "Κρητικός", "operator": null, "shop": "supermarket", "addr:street": "Ολύνθου", "addr:housenumber": "35", "opening_hours": null, "website": "https://www.kritikos-sm.gr/", "phone": null, "longitude": 22.9773538, "latitude": 40.6190667 }, "geometry": { "type": "Point", "coordinates": [ 22.9773538, 40.6190667 ] } },
{ "type": "Feature", "properties": { "osm_type": "node", "osm_id": 7023440179, "name": "ΑΦΡΟΔΙΤΗ S/M", "brand": null, "operator": null, "shop": "supermarket", "addr:street": "25ης Μαρτίου", "addr:housenumber": "113-115", "opening_hours": "Mo-Fr 08:00-21:00, Sa 08:00-20:00", "website": "https://smafroditi.gr/", "phone": null, "longitude": 22.9662085, "latitude": 40.602892 }, "geometry": { "type": "Point", "coordinates": [ 22.9662085, 40.602892 ] } },
{ "type": "Feature", "properties": { "osm_type": "node", "osm_id": 7044780027, "name": "Smile Market", "brand": null, "operator": null, "shop": "supermarket", "addr:street": "Μανουήλ Φίλη", "addr:housenumber": null, "opening_hours": null, "website": null, "phone": null, "longitude": 22.9842721, "latitude": 40.6077406 }, "geometry": { "type": "Point", "coordinates": [ 22.9842721, 40.6077406 ] } },
{ "type": "Feature", "properties": { "osm_type": "node", "osm_id": 7077930747, "name": "Market In", "brand": null, "operator": "Market In", "shop": "supermarket", "addr:street": null, "addr:housenumber": null, "opening_hours": null, "website": null, "phone": null, "longitude": 22.9443591, "latitude": 40.6334627 }, "geometry": { "type": "Point", "coordinates": [ 22.9443591, 40.6334627 ] } },
{ "type": "Feature", "properties": { "osm_type": "node", "osm_id": 7200323537, "name": "DiscountMarkt", "brand": null, "operator": null, "shop": "supermarket", "addr:street": "Αλέξανδρου Σβώλου", "addr:housenumber": "22", "opening_hours": null, "website": null, "phone": null, "longitude": 22.9493707, "latitude": 40.6313499 }, "geometry": { "type": "Point", "coordinates": [ 22.9493707, 40.6313499 ] } },
{ "type": "Feature", "properties": { "osm_type": "node", "osm_id": 7232757936, "name": "My market", "brand": null, "operator": null, "shop": "supermarket", "addr:street": "Μάρκου Μπότσαρη", "addr:housenumber": "24", "opening_hours": null, "website": null, "phone": null, "longitude": 22.9552979, "latitude": 40.6068518 }, "geometry": { "type": "Point", "coordinates": [ 22.9552979, 40.6068518 ] } },
{ "type": "Feature", "properties": { "osm_type": "node", "osm_id": 7285729685, "name": "ΚΡΗΤΙΚΟΣ", "brand": null, "operator": null, "shop": "supermarket", "addr:street": null, "addr:housenumber": null, "opening_hours": null, "website": null, "phone": null, "longitude": 22.9385893, "latitude": 40.6349153 }, "geometry": { "type": "Point", "coordinates": [ 22.9385893, 40.6349153 ] } },
{ "type": "Feature", "properties": { "osm_type": "node", "osm_id": 7429977819, "name": "Στρατιωτικό Πρατήριο Θεσσαλονίκης", "brand": null, "operator": "Ελληνικός Στρατός", "shop": "supermarket", "addr:street": "Γρηγορίου Λαμπράκη", "addr:housenumber": null, "opening_hours": null, "website": null, "phone": null, "longitude": 22.9592601, "latitude": 40.6251173 }, "geometry": { "type": "Point", "coordinates": [ 22.9592601, 40.6251173 ] } },
{ "type": "Feature", "properties": { "osm_type": "node", "osm_id": 7442353774, "name": "αριάδνη", "brand": null, "operator": null, "shop": "supermarket", "addr:street": null, "addr:housenumber": null, "opening_hours": null, "website": null, "phone": null, "longitude": 22.9556652, "latitude": 40.6014005 }, "geometry": { "type": "Point", "coordinates": [ 22.9556652, 40.6014005 ] } },
{ "type": "Feature", "properties": { "osm_type": "node", "osm_id": 7592529571, "name": "Μασούτης", "brand": "Μασούτης", "operator": null, "shop": "supermarket", "addr:street": "Γυμνασιάρχου Μικρού", "addr:housenumber": "16", "opening_hours": "Mo-Fr 08:00-21:00, Sa 08:00-20:00", "website": "https://www.masoutis.gr/", "phone": null, "longitude": 22.9705033, "latitude": 40.6037689 }, "geometry": { "type": "Point", "coordinates": [ 22.9705033, 40.6037689 ] } },
{ "type": "Feature", "properties": { "osm_type": "node", "osm_id": 7610895522, "name": "Lidl", "brand": "Lidl", "operator": null, "shop": "supermarket", "addr:street": null, "addr:housenumber": null, "opening_hours": "Mo-Fr 08:00-21:00; Sa 08:00-20:00", "website": null, "phone": null, "longitude": 22.9493293, "latitude": 40.640889 }, "geometry": { "type": "Point", "coordinates": [ 22.9493293, 40.640889 ] } },
{ "type": "Feature", "properties": { "osm_type": "node", "osm_id": 7630227127, "name": "Τριανταφύλλου", "brand": null, "operator": null, "shop": "supermarket", "addr:street": "Γιάννη Αγγέλου", "addr:housenumber": "14", "opening_hours": "Mo-Fr 08:00-21:00; Sa 08:00-20:00; Su,PH off", "website": null, "phone": null, "longitude": 22.9725515, "latitude": 40.5995629 }, "geometry": { "type": "Point", "coordinates": [ 22.9725515, 40.5995629 ] } },
{ "type": "Feature", "properties": { "osm_type": "node", "osm_id": 7631654655, "name": "ΑΒ Βασιλόπουλος", "brand": "ΑΒ Βασιλόπουλος", "operator": null, "shop": "supermarket", "addr:street": "Αλεξάνδρου Παπαναστασίου", "addr:housenumber": "55", "opening_hours": "Mo-Fr 08:00-21:00, Sa 08:00-20:00", "website": "https://www.ab.gr/", "phone": null, "longitude": 22.9645605, "latitude": 40.6115456 }, "geometry": { "type": "Point", "coordinates": [ 22.9645605, 40.6115456 ] } },
{ "type": "Feature", "properties": { "osm_type": "node", "osm_id": 7632119920, "name": "Γαλαξίας", "brand": "Γαλαξίας", "operator": null, "shop": "supermarket", "addr:street": "Αλεξάνδρου Σταύρου", "addr:housenumber": "22", "opening_hours": "Mo-Fr 08:00-21:00, Sa 08:00-20:00", "website": "https://5ae.gr/", "phone": null, "longitude": 22.9680582, "latitude": 40.6065729 }, "geometry": { "type": "Point", "coordinates": [ 22.9680582, 40.6065729 ] } },
{ "type": "Feature", "properties": { "osm_type": "node", "osm_id": 7632368640, "name": "Μασούτης", "brand": "Μασούτης", "operator": null, "shop": "supermarket", "addr:street": "Γιάννη Αγγέλου", "addr:housenumber": "18", "opening_hours": "Mo-Fr 08:00-21:00, Sa 08:00-20:00", "website": "https://www.masoutis.gr/", "phone": "+30 2310 312054", "longitude": 22.9735599, "latitude": 40.599683 }, "geometry": { "type": "Point", "coordinates": [ 22.9735599, 40.599683 ] } },
{ "type": "Feature", "properties": { "osm_type": "node", "osm_id": 7633365965, "name": "Discount Markt", "brand": null, "operator": null, "shop": "supermarket", "addr:street": "Πέτρου Συνδίκα", "addr:housenumber": "88", "opening_hours": null, "website": "https://www.discountmarkt.gr/", "phone": null, "longitude": 22.9632714, "latitude": 40.6055359 }, "geometry": { "type": "Point", "coordinates": [ 22.9632714, 40.6055359 ] } },
{ "type": "Feature", "properties": { "osm_type": "node", "osm_id": 7633383084, "name": "Μασούτης", "brand": "Μασούτης", "operator": null, "shop": "supermarket", "addr:street": null, "addr:housenumber": null, "opening_hours": "Mo-Fr 08:00-21:00, Sa 08:00-20:00", "website": "https://www.masoutis.gr/", "phone": "+30 2310 301400", "longitude": 22.9628058, "latitude": 40.6019287 }, "geometry": { "type": "Point", "coordinates": [ 22.9628058, 40.6019287 ] } },
{ "type": "Feature", "properties": { "osm_type": "node", "osm_id": 7645641980, "name": "ΑΒ Βασιλόπουλος", "brand": "ΑΒ Βασιλόπουλος", "operator": null, "shop": "supermarket", "addr:street": "25ης Μαρτίου", "addr:housenumber": "37", "opening_hours": "Mo-Fr 08:00-21:00, Sa 08:00-20:00", "website": "https://www.ab.gr/", "phone": null, "longitude": 22.9564418, "latitude": 40.6001538 }, "geometry": { "type": "Point", "coordinates": [ 22.9564418, 40.6001538 ] } },
{ "type": "Feature", "properties": { "osm_type": "node", "osm_id": 7782101189, "name": "ΑΒ Βασιλόπουλος", "brand": "ΑΒ Βασιλόπουλος", "operator": null, "shop": "supermarket", "addr:street": "Δελφών", "addr:housenumber": null, "opening_hours": null, "website": null, "phone": null, "longitude": 22.9577423, "latitude": 40.6130177 }, "geometry": { "type": "Point", "coordinates": [ 22.9577423, 40.6130177 ] } },
{ "type": "Feature", "properties": { "osm_type": "node", "osm_id": 8113366637, "name": "Enter Market", "brand": null, "operator": null, "shop": "supermarket", "addr:street": "Κερασούντος", "addr:housenumber": "70", "opening_hours": "Mo-Su 08:00-00:00", "website": "http://www.entermarket.gr/", "phone": "+30 2314 033200", "longitude": 22.9484528, "latitude": 40.5831216 }, "geometry": { "type": "Point", "coordinates": [ 22.9484528, 40.5831216 ] } },
{ "type": "Feature", "properties": { "osm_type": "node", "osm_id": 8384849997, "name": "Πρόοδος", "brand": null, "operator": null, "shop": "supermarket", "addr:street": "Τζων Κέννεντυ", "addr:housenumber": null, "opening_hours": null, "website": null, "phone": null, "longitude": 22.9208236, "latitude": 40.6572567 }, "geometry": { "type": "Point", "coordinates": [ 22.9208236, 40.6572567 ] } },
{ "type": "Feature", "properties": { "osm_type": "node", "osm_id": 8457369573, "name": "Ελληνικά Market", "brand": null, "operator": null, "shop": "supermarket", "addr:street": "Αγίας Μαρίνας", "addr:housenumber": "52", "opening_hours": null, "website": "https://ellinikamarket.gr/", "phone": null, "longitude": 22.9756953, "latitude": 40.6198991 }, "geometry": { "type": "Point", "coordinates": [ 22.9756953, 40.6198991 ] } },
{ "type": "Feature", "properties": { "osm_type": "node", "osm_id": 8463490807, "name": "My market", "brand": null, "operator": null, "shop": "supermarket", "addr:street": "Αλεξάνδρου Παπαναστασίου", "addr:housenumber": "63", "opening_hours": null, "website": "https://www.mymarket.gr/", "phone": null, "longitude": 22.964993, "latitude": 40.6105591 }, "geometry": { "type": "Point", "coordinates": [ 22.964993, 40.6105591 ] } },
{ "type": "Feature", "properties": { "osm_type": "node", "osm_id": 8529766595, "name": "AB shop & go", "brand": null, "operator": null, "shop": "supermarket", "addr:street": "Γιάννη Χαλκίδη", "addr:housenumber": "7", "opening_hours": null, "website": null, "phone": null, "longitude": 22.9645417, "latitude": 40.6052642 }, "geometry": { "type": "Point", "coordinates": [ 22.9645417, 40.6052642 ] } },
{ "type": "Feature", "properties": { "osm_type": "node", "osm_id": 8540744956, "name": "Κρητικός", "brand": "Κρητικός", "operator": null, "shop": "supermarket", "addr:street": "Βασιλίσσης Όλγας", "addr:housenumber": "129", "opening_hours": null, "website": "https://kritikos-sm.gr/", "phone": null, "longitude": 22.9529475, "latitude": 40.6046491 }, "geometry": { "type": "Point", "coordinates": [ 22.9529475, 40.6046491 ] } },
{ "type": "Feature", "properties": { "osm_type": "node", "osm_id": 8541529904, "name": "Ok!", "brand": "Circle K", "operator": null, "shop": "supermarket", "addr:street": "Αλεξάνδρου Παπαναστασίου", "addr:housenumber": "187", "opening_hours": "Mo-Su 08:00-23:00", "website": null, "phone": null, "longitude": 22.971224, "latitude": 40.5982859 }, "geometry": { "type": "Point", "coordinates": [ 22.971224, 40.5982859 ] } },
{ "type": "Feature", "properties": { "osm_type": "node", "osm_id": 8542056562, "name": "Market In", "brand": null, "operator": null, "shop": "supermarket", "addr:street": "Βασ. Αδαμίδου", "addr:housenumber": null, "opening_hours": null, "website": "https://www.market-in.gr/", "phone": null, "longitude": 22.9728043, "latitude": 40.6130374 }, "geometry": { "type": "Point", "coordinates": [ 22.9728043, 40.6130374 ] } },
{ "type": "Feature", "properties": { "osm_type": "node", "osm_id": 8542056563, "name": "Market In", "brand": null, "operator": null, "shop": "supermarket", "addr:street": "Πασσαλίδη", "addr:housenumber": "16", "opening_hours": null, "website": "https://www.market-in.gr/", "phone": null, "longitude": 22.9465554, "latitude": 40.5782399 }, "geometry": { "type": "Point", "coordinates": [ 22.9465554, 40.5782399 ] } },
{ "type": "Feature", "properties": { "osm_type": "node", "osm_id": 8542056564, "name": "Market In", "brand": null, "operator": null, "shop": "supermarket", "addr:street": "Κομνηνών", "addr:housenumber": "57", "opening_hours": null, "website": "https://www.market-in.gr/", "phone": null, "longitude": 22.9505498, "latitude": 40.5821181 }, "geometry": { "type": "Point", "coordinates": [ 22.9505498, 40.5821181 ] } },
{ "type": "Feature", "properties": { "osm_type": "node", "osm_id": 8549758957, "name": "Γαλαξίας", "brand": "Γαλαξίας", "operator": null, "shop": "supermarket", "addr:street": "Κωνσταντίνου Καραμανλή", "addr:housenumber": "49", "opening_hours": null, "website": "https://5ae.gr/", "phone": "+30 2310 989558", "longitude": 22.9632213, "latitude": 40.6157682 }, "geometry": { "type": "Point", "coordinates": [ 22.9632213, 40.6157682 ] } },
{ "type": "Feature", "properties": { "osm_type": "node", "osm_id": 8557924287, "name": "Μασούτης", "brand": "Μασούτης", "operator": null, "shop": "supermarket", "addr:street": "Νεμέας", "addr:housenumber": "46", "opening_hours": "Mo-Fr 08:00-21:00; Sa 08:00-20:00", "website": "https://www.masoutis.gr/", "phone": "+30 2310 314664", "longitude": 22.966579, "latitude": 40.6021144 }, "geometry": { "type": "Point", "coordinates": [ 22.966579, 40.6021144 ] } },
{ "type": "Feature", "properties": { "osm_type": "node", "osm_id": 8583858477, "name": "Discount Markt", "brand": null, "operator": null, "shop": "supermarket", "addr:street": "Αλεξανδρείας", "addr:housenumber": "117", "opening_hours": "Mo-Sa 09:00-21:00", "website": "https://discountmarkt.gr/", "phone": null, "longitude": 22.9576528, "latitude": 40.5970651 }, "geometry": { "type": "Point", "coordinates": [ 22.9576528, 40.5970651 ] } },
{ "type": "Feature", "properties": { "osm_type": "node", "osm_id": 8629939325, "name": "Discount Markt", "brand": null, "operator": null, "shop": "supermarket", "addr:street": "Πατριάρχου Γρηγορίου Ε'", "addr:housenumber": "30", "opening_hours": null, "website": "https://discountmarkt.gr/", "phone": null, "longitude": 22.9632155, "latitude": 40.5993833 }, "geometry": { "type": "Point", "coordinates": [ 22.9632155, 40.5993833 ] } },
{ "type": "Feature", "properties": { "osm_type": "node", "osm_id": 8742070213, "name": "Ζωή & Υγεία", "brand": null, "operator": null, "shop": "supermarket", "addr:street": "Καρδίτσας", "addr:housenumber": "8", "opening_hours": null, "website": null, "phone": null, "longitude": 22.9701043, "latitude": 40.5982428 }, "geometry": { "type": "Point", "coordinates": [ 22.9701043, 40.5982428 ] } },
{ "type": "Feature", "properties": { "osm_type": "node", "osm_id": 8753917671, "name": "Ελληνικά Μάρκετ", "brand": null, "operator": null, "shop": "supermarket", "addr:street": "Δήμου Τσέλιου", "addr:housenumber": "31", "opening_hours": null, "website": "https://ellinikamarket.gr/", "phone": null, "longitude": 22.9829683, "latitude": 40.6081192 }, "geometry": { "type": "Point", "coordinates": [ 22.9829683, 40.6081192 ] } },
{ "type": "Feature", "properties": { "osm_type": "node", "osm_id": 8760045086, "name": "Bazaar", "brand": "Bazaar", "operator": null, "shop": "supermarket", "addr:street": null, "addr:housenumber": null, "opening_hours": null, "website": "https://www.bazaar-online.gr/", "phone": null, "longitude": 22.9720271, "latitude": 40.6087683 }, "geometry": { "type": "Point", "coordinates": [ 22.9720271, 40.6087683 ] } },
{ "type": "Feature", "properties": { "osm_type": "node", "osm_id": 8790416216, "name": "AB Shop & Go", "brand": null, "operator": null, "shop": "supermarket", "addr:street": "Θεμιστοκλή Σοφούλη", "addr:housenumber": "91", "opening_hours": null, "website": null, "phone": null, "longitude": 22.9455679, "latitude": 40.589407 }, "geometry": { "type": "Point", "coordinates": [ 22.9455679, 40.589407 ] } },
{ "type": "Feature", "properties": { "osm_type": "node", "osm_id": 8790536518, "name": "Καθε μέρα stop & shop", "brand": null, "operator": null, "shop": "supermarket", "addr:street": "Τάκη Οικονομίδη", "addr:housenumber": "62", "opening_hours": null, "website": null, "phone": null, "longitude": 22.9460993, "latitude": 40.588753 }, "geometry": { "type": "Point", "coordinates": [ 22.9460993, 40.588753 ] } },
{ "type": "Feature", "properties": { "osm_type": "node", "osm_id": 8904625928, "name": "ΑΦΡΟΔΙΤΗ S/M", "brand": null, "operator": null, "shop": "supermarket", "addr:street": "Στρωμνίτσης", "addr:housenumber": "14", "opening_hours": null, "website": null, "phone": null, "longitude": 22.9618821, "latitude": 40.6004194 }, "geometry": { "type": "Point", "coordinates": [ 22.9618821, 40.6004194 ] } },
{ "type": "Feature", "properties": { "osm_type": "node", "osm_id": 8946987653, "name": "Ελληνικά Μάρκετ", "brand": null, "operator": null, "shop": "supermarket", "addr:street": "Κωνσταντινουπόλεως", "addr:housenumber": "116-118", "opening_hours": "Mo-Fr 08:00-21:00, Sa 08:00-20:00", "website": "https://ellinikamarket.gr/", "phone": null, "longitude": 22.9625249, "latitude": 40.6089382 }, "geometry": { "type": "Point", "coordinates": [ 22.9625249, 40.6089382 ] } },
{ "type": "Feature", "properties": { "osm_type": "node", "osm_id": 8959577377, "name": "Μασούτης", "brand": "Μασούτης", "operator": null, "shop": "supermarket", "addr:street": "Μάρκου Μπότσαρη", "addr:housenumber": "59", "opening_hours": "Mo-Fr 08:00-21:00, Sa 08:00-20:00", "website": "https://www.masoutis.gr/", "phone": "+30 2310 861600", "longitude": 22.961606, "latitude": 40.6073651 }, "geometry": { "type": "Point", "coordinates": [ 22.961606, 40.6073651 ] } },
{ "type": "Feature", "properties": { "osm_type": "node", "osm_id": 9023518143, "name": "ΑΒ Βασιλόπουλος", "brand": "ΑΒ Βασιλόπουλος", "operator": null, "shop": "supermarket", "addr:street": "Πέτρου Συνδίκα", "addr:housenumber": "16", "opening_hours": "Mo-Fr 08:00-21:00, Sa 08:00-20:00", "website": "https://www.ab.gr/", "phone": null, "longitude": 22.953918, "latitude": 40.6040623 }, "geometry": { "type": "Point", "coordinates": [ 22.953918, 40.6040623 ] } },
{ "type": "Feature", "properties": { "osm_type": "node", "osm_id": 9031766351, "name": "Discount Markt", "brand": null, "operator": null, "shop": "supermarket", "addr:street": "Αλεξάνδρου Γαλοπούλου", "addr:housenumber": null, "opening_hours": null, "website": "https://discountmarkt.gr/", "phone": null, "longitude": 22.9315744, "latitude": 40.6459592 }, "geometry": { "type": "Point", "coordinates": [ 22.9315744, 40.6459592 ] } },
{ "type": "Feature", "properties": { "osm_type": "node", "osm_id": 9031766352, "name": "Bazaar", "brand": "Bazaar", "operator": null, "shop": "supermarket", "addr:street": "Γρηγορίου Κολωνιάρη", "addr:housenumber": "25", "opening_hours": null, "website": "https://www.bazaar-online.gr/", "phone": null, "longitude": 22.9315828, "latitude": 40.6465451 }, "geometry": { "type": "Point", "coordinates": [ 22.9315828, 40.6465451 ] } },
{ "type": "Feature", "properties": { "osm_type": "node", "osm_id": 9040897713, "name": "Arista", "brand": null, "operator": null, "shop": "supermarket", "addr:street": "Δημητρίου Γουζέλη", "addr:housenumber": "4", "opening_hours": null, "website": "https://www.arista.gr/web/", "phone": null, "longitude": 22.9600809, "latitude": 40.6038312 }, "geometry": { "type": "Point", "coordinates": [ 22.9600809, 40.6038312 ] } },
{ "type": "Feature", "properties": { "osm_type": "node", "osm_id": 9045138791, "name": "ΑΦΡΟΔΙΤΗ S/M", "brand": null, "operator": null, "shop": "supermarket", "addr:street": null, "addr:housenumber": null, "opening_hours": null, "website": null, "phone": null, "longitude": 22.949553, "latitude": 40.5787661 }, "geometry": { "type": "Point", "coordinates": [ 22.949553, 40.5787661 ] } },
{ "type": "Feature", "properties": { "osm_type": "node", "osm_id": 9045140980, "name": "Αφροδίτη", "brand": null, "operator": null, "shop": "supermarket", "addr:street": "Κρώμνης", "addr:housenumber": "38", "opening_hours": "Mo-Fr 08:00-21:00, Sa 08:00-20:00", "website": null, "phone": "+30 2310 424409", "longitude": 22.9464402, "latitude": 40.5838808 }, "geometry": { "type": "Point", "coordinates": [ 22.9464402, 40.5838808 ] } },
{ "type": "Feature", "properties": { "osm_type": "node", "osm_id": 9045172227, "name": "ΑΦΡΟΔΙΤΗ S/M", "brand": null, "operator": null, "shop": "supermarket", "addr:street": null, "addr:housenumber": null, "opening_hours": null, "website": null, "phone": null, "longitude": 22.9539139, "latitude": 40.5796981 }, "geometry": { "type": "Point", "coordinates": [ 22.9539139, 40.5796981 ] } },
{ "type": "Feature", "properties": { "osm_type": "node", "osm_id": 9048665552, "name": "ΑΦΡΟΔΙΤΗ S/M", "brand": null, "operator": null, "shop": "supermarket", "addr:street": null, "addr:housenumber": null, "opening_hours": "Mo-Fr 08:00-21:00; Sa 08:00-20:00", "website": "https://smafroditi.gr", "phone": "+302310919119", "longitude": 22.9712579, "latitude": 40.6106603 }, "geometry": { "type": "Point", "coordinates": [ 22.9712579, 40.6106603 ] } },
{ "type": "Feature", "properties": { "osm_type": "node", "osm_id": 9246414728, "name": "ελληνικά market", "brand": null, "operator": null, "shop": "supermarket", "addr:street": "Χρυσοστόμου Σμύρνης", "addr:housenumber": "9", "opening_hours": "Mo-Fr 08:00-21:00, Sa 08:00-20:00", "website": "https://ellinikamarket.gr", "phone": "+30 2310 436621", "longitude": 22.9491208, "latitude": 40.5755471 }, "geometry": { "type": "Point", "coordinates": [ 22.9491208, 40.5755471 ] } },
{ "type": "Feature", "properties": { "osm_type": "node", "osm_id": 9382125602, "name": "Μασούτης", "brand": "Μασούτης", "operator": null, "shop": "supermarket", "addr:street": "Μεσολογγίου", "addr:housenumber": "30", "opening_hours": "Mo-Fr 08:00-21:00; Sa 08:00-20:00", "website": "https://www.masoutis.gr/", "phone": "+30 2310 922706", "longitude": 22.9717917, "latitude": 40.6212525 }, "geometry": { "type": "Point", "coordinates": [ 22.9717917, 40.6212525 ] } },
{ "type": "Feature", "properties": { "osm_type": "node", "osm_id": 9505899917, "name": "Μασούτης", "brand": null, "operator": null, "shop": "supermarket", "addr:street": "25ης Μαρτίου", "addr:housenumber": "4", "opening_hours": "Mo-Fr 08:00-21:00; Sa 08:00-20:00", "website": "https://www.masoutis.gr/", "phone": "+30 2310 357 900", "longitude": 23.0289547, "latitude": 40.6400372 }, "geometry": { "type": "Point", "coordinates": [ 23.0289547, 40.6400372 ] } },
{ "type": "Feature", "properties": { "osm_type": "node", "osm_id": 9520609879, "name": "Real Discount", "brand": null, "operator": null, "shop": "supermarket", "addr:street": null, "addr:housenumber": null, "opening_hours": null, "website": null, "phone": null, "longitude": 22.9461439, "latitude": 40.6495992 }, "geometry": { "type": "Point", "coordinates": [ 22.9461439, 40.6495992 ] } },
{ "type": "Feature", "properties": { "osm_type": "node", "osm_id": 9574570217, "name": "Τζιβαέρι", "brand": null, "operator": null, "shop": "supermarket", "addr:street": null, "addr:housenumber": null, "opening_hours": null, "website": null, "phone": null, "longitude": 22.9883106, "latitude": 40.6567337 }, "geometry": { "type": "Point", "coordinates": [ 22.9883106, 40.6567337 ] } },
{ "type": "Feature", "properties": { "osm_type": "node", "osm_id": 9838033817, "name": null, "brand": null, "operator": null, "shop": "supermarket", "addr:street": "Γεωργίου Παπανδρέου", "addr:housenumber": "13", "opening_hours": null, "website": "https://www.clickmarket.gr/", "phone": null, "longitude": 22.9511599, "latitude": 40.6010359 }, "geometry": { "type": "Point", "coordinates": [ 22.9511599, 40.6010359 ] } },
{ "type": "Feature", "properties": { "osm_type": "node", "osm_id": 9989859980, "name": "Μασούτης", "brand": "Μασούτης", "operator": null, "shop": "supermarket", "addr:street": "Κρυστάλλη", "addr:housenumber": "4", "opening_hours": "Mo-Fr 08:00-21:00; Sa 08:00-20:00", "website": "https://www.masoutis.gr/", "phone": "+30 2310 516206", "longitude": 22.9404968, "latitude": 40.6399988 }, "geometry": { "type": "Point", "coordinates": [ 22.9404968, 40.6399988 ] } },
{ "type": "Feature", "properties": { "osm_type": "node", "osm_id": 10113540217, "name": "Μασούτης", "brand": "Μασούτης", "operator": null, "shop": "supermarket", "addr:street": null, "addr:housenumber": "7", "opening_hours": "Mo-Fr 08:00-21:00; Sa 08:00-20:00", "website": "https://www.masoutis.gr/", "phone": "+30 2310 260071", "longitude": 22.9502332, "latitude": 40.6296859 }, "geometry": { "type": "Point", "coordinates": [ 22.9502332, 40.6296859 ] } },
{ "type": "Feature", "properties": { "osm_type": "node", "osm_id": 10161386666, "name": "My Market", "brand": null, "operator": null, "shop": "supermarket", "addr:street": "Φωκά", "addr:housenumber": null, "opening_hours": "Mo-Fr 08:00-21:00, Sa 08:00-20:00", "website": "https://www.mymarket.gr/", "phone": "+30 2310 303300", "longitude": 22.9962817, "latitude": 40.6007171 }, "geometry": { "type": "Point", "coordinates": [ 22.9962817, 40.6007171 ] } },
{ "type": "Feature", "properties": { "osm_type": "node", "osm_id": 10167239467, "name": "Discount Markt", "brand": null, "operator": null, "shop": "supermarket", "addr:street": "Ανδρέα Παπανδρέου", "addr:housenumber": "259", "opening_hours": "Mo-Fr 08:00-21:00, Sa 08:00-20:00", "website": "https://discountmarkt.gr/", "phone": null, "longitude": 22.9607058, "latitude": 40.6556891 }, "geometry": { "type": "Point", "coordinates": [ 22.9607058, 40.6556891 ] } },
{ "type": "Feature", "properties": { "osm_type": "node", "osm_id": 10167239468, "name": "Μασούτης", "brand": "Μασούτης", "operator": null, "shop": "supermarket", "addr:street": null, "addr:housenumber": null, "opening_hours": "Mo-Fr 08:00-21:00, Sa 08:00-20:00", "website": "https://www.masoutis.gr/", "phone": null, "longitude": 22.9610661, "latitude": 40.6558334 }, "geometry": { "type": "Point", "coordinates": [ 22.9610661, 40.6558334 ] } },
{ "type": "Feature", "properties": { "osm_type": "node", "osm_id": 10167239469, "name": "Γαλαξίας", "brand": "Γαλαξίας", "operator": null, "shop": "supermarket", "addr:street": "Αττάλου", "addr:housenumber": null, "opening_hours": "Mo-Fr 08:00-21:00, Sa 08:00-20:00", "website": "https://5ae.gr/", "phone": null, "longitude": 22.9587507, "latitude": 40.6567596 }, "geometry": { "type": "Point", "coordinates": [ 22.9587507, 40.6567596 ] } },
{ "type": "Feature", "properties": { "osm_type": "node", "osm_id": 10167239471, "name": "Ελληνικά Μάρκετ", "brand": null, "operator": null, "shop": "supermarket", "addr:street": "Μεσσήνης", "addr:housenumber": null, "opening_hours": null, "website": null, "phone": null, "longitude": 22.9558865, "latitude": 40.658355 }, "geometry": { "type": "Point", "coordinates": [ 22.9558865, 40.658355 ] } },
{ "type": "Feature", "properties": { "osm_type": "node", "osm_id": 10167239472, "name": "Lidl", "brand": "Lidl", "operator": null, "shop": "supermarket", "addr:street": "Μεσσήνης", "addr:housenumber": "20", "opening_hours": "Mo-Sa 07:45-21:00; Su,PH off", "website": "https://www.lidl-hellas.gr/", "phone": null, "longitude": 22.9545358, "latitude": 40.6591612 }, "geometry": { "type": "Point", "coordinates": [ 22.9545358, 40.6591612 ] } },
{ "type": "Feature", "properties": { "osm_type": "node", "osm_id": 10246140057, "name": "Μάνα Γή", "brand": null, "operator": null, "shop": "supermarket", "addr:street": null, "addr:housenumber": null, "opening_hours": null, "website": null, "phone": null, "longitude": 22.9526308, "latitude": 40.5999058 }, "geometry": { "type": "Point", "coordinates": [ 22.9526308, 40.5999058 ] } },
{ "type": "Feature", "properties": { "osm_type": "node", "osm_id": 10537227609, "name": "Μασούτης", "brand": "Μασούτης", "operator": null, "shop": "supermarket", "addr:street": "Ιωάννη Τσιμισκή", "addr:housenumber": "43", "opening_hours": "Mo-Fr 08:00-21:00; Sa 08:00-20:00", "website": "https://www.masoutis.gr/", "phone": "+30 2310 283668", "longitude": 22.9433534, "latitude": 40.6334732 }, "geometry": { "type": "Point", "coordinates": [ 22.9433534, 40.6334732 ] } },
{ "type": "Feature", "properties": { "osm_type": "node", "osm_id": 10763339487, "name": "Αφροδίτη", "brand": null, "operator": null, "shop": "supermarket", "addr:street": "Μεγάλου Αλεξάνδρου", "addr:housenumber": "9", "opening_hours": "Mo-Fr 08:00-21:00, Sa 08:00-20:00", "website": "https://smafroditi.gr/", "phone": null, "longitude": 22.9800042, "latitude": 40.5973623 }, "geometry": { "type": "Point", "coordinates": [ 22.9800042, 40.5973623 ] } },
{ "type": "Feature", "properties": { "osm_type": "node", "osm_id": 11051428277, "name": "Kiosky's", "brand": null, "operator": null, "shop": "supermarket", "addr:street": null, "addr:housenumber": null, "opening_hours": null, "website": null, "phone": null, "longitude": 22.9540534, "latitude": 40.621081 }, "geometry": { "type": "Point", "coordinates": [ 22.9540534, 40.621081 ] } },
{ "type": "Feature", "properties": { "osm_type": "node", "osm_id": 11051428279, "name": "Bazaar", "brand": "Bazaar", "operator": null, "shop": "supermarket", "addr:street": null, "addr:housenumber": null, "opening_hours": null, "website": null, "phone": null, "longitude": 22.9541908, "latitude": 40.620366 }, "geometry": { "type": "Point", "coordinates": [ 22.9541908, 40.620366 ] } },
{ "type": "Feature", "properties": { "osm_type": "node", "osm_id": 11051428280, "name": "Market In", "brand": null, "operator": null, "shop": "supermarket", "addr:street": null, "addr:housenumber": null, "opening_hours": null, "website": null, "phone": null, "longitude": 22.9538199, "latitude": 40.6204175 }, "geometry": { "type": "Point", "coordinates": [ 22.9538199, 40.6204175 ] } },
{ "type": "Feature", "properties": { "osm_type": "node", "osm_id": 11654684269, "name": "AB Shop&Go", "brand": null, "operator": null, "shop": "supermarket", "addr:street": null, "addr:housenumber": null, "opening_hours": "Mo-Sa 08:00-22:00; Su 10:00-22:00", "website": null, "phone": null, "longitude": 22.9657338, "latitude": 40.6322393 }, "geometry": { "type": "Point", "coordinates": [ 22.9657338, 40.6322393 ] } },
{ "type": "Feature", "properties": { "osm_type": "node", "osm_id": 11752462500, "name": "αριάδνη", "brand": null, "operator": null, "shop": "supermarket", "addr:street": null, "addr:housenumber": null, "opening_hours": null, "website": null, "phone": null, "longitude": 22.9122351, "latitude": 40.6558983 }, "geometry": { "type": "Point", "coordinates": [ 22.9122351, 40.6558983 ] } },
{ "type": "Feature", "properties": { "osm_type": "node", "osm_id": 11756372254, "name": "καλέςτιμές.gr", "brand": null, "operator": null, "shop": "supermarket", "addr:street": null, "addr:housenumber": null, "opening_hours": null, "website": null, "phone": null, "longitude": 22.9247659, "latitude": 40.6574974 }, "geometry": { "type": "Point", "coordinates": [ 22.9247659, 40.6574974 ] } },
{ "type": "Feature", "properties": { "osm_type": "node", "osm_id": 11827252600, "name": "Πρόοδος", "brand": null, "operator": null, "shop": "supermarket", "addr:street": "Γιαννιτσών", "addr:housenumber": null, "opening_hours": null, "website": null, "phone": null, "longitude": 22.9232167, "latitude": 40.6457239 }, "geometry": { "type": "Point", "coordinates": [ 22.9232167, 40.6457239 ] } },
{ "type": "Feature", "properties": { "osm_type": "node", "osm_id": 11829790368, "name": "Κρητικός", "brand": "Κρητικός", "operator": null, "shop": "supermarket", "addr:street": "Μεγάλου Αλεξάνδρου", "addr:housenumber": null, "opening_hours": null, "website": null, "phone": null, "longitude": 22.9241578, "latitude": 40.6565936 }, "geometry": { "type": "Point", "coordinates": [ 22.9241578, 40.6565936 ] } },
{ "type": "Feature", "properties": { "osm_type": "node", "osm_id": 11830170703, "name": "Mix Markt", "brand": "Mix Markt", "operator": null, "shop": "supermarket", "addr:street": null, "addr:housenumber": null, "opening_hours": null, "website": null, "phone": null, "longitude": 22.9183107, "latitude": 40.6550203 }, "geometry": { "type": "Point", "coordinates": [ 22.9183107, 40.6550203 ] } },
{ "type": "Feature", "properties": { "osm_type": "node", "osm_id": 11837372195, "name": "Κρητικός", "brand": "Κρητικός", "operator": null, "shop": "supermarket", "addr:street": null, "addr:housenumber": null, "opening_hours": null, "website": null, "phone": null, "longitude": 22.9131502, "latitude": 40.6571654 }, "geometry": { "type": "Point", "coordinates": [ 22.9131502, 40.6571654 ] } },
{ "type": "Feature", "properties": { "osm_type": "node", "osm_id": 11993446174, "name": "ΑΒ Βασιλόπουλος", "brand": "ΑΒ Βασιλόπουλος", "operator": null, "shop": "supermarket", "addr:street": null, "addr:housenumber": null, "opening_hours": null, "website": null, "phone": null, "longitude": 22.9482729, "latitude": 40.6287278 }, "geometry": { "type": "Point", "coordinates": [ 22.9482729, 40.6287278 ] } },
{ "type": "Feature", "properties": { "osm_type": "node", "osm_id": 12287642168, "name": "ESTIA", "brand": null, "operator": null, "shop": "supermarket", "addr:street": null, "addr:housenumber": null, "opening_hours": null, "website": null, "phone": null, "longitude": 22.9648118, "latitude": 40.6318903 }, "geometry": { "type": "Point", "coordinates": [ 22.9648118, 40.6318903 ] } },
{ "type": "Feature", "properties": { "osm_type": "node", "osm_id": 12380686415, "name": "Αφροδίτη", "brand": null, "operator": null, "shop": "supermarket", "addr:street": "Εγνατία", "addr:housenumber": null, "opening_hours": null, "website": null, "phone": null, "longitude": 22.985773, "latitude": 40.5948363 }, "geometry": { "type": "Point", "coordinates": [ 22.985773, 40.5948363 ] } },
{ "type": "Feature", "properties": { "osm_type": "node", "osm_id": 12557123885, "name": "Κρητικός", "brand": "Κρητικός", "operator": null, "shop": "supermarket", "addr:street": null, "addr:housenumber": null, "opening_hours": null, "website": null, "phone": null, "longitude": 22.9476924, "latitude": 40.6502324 }, "geometry": { "type": "Point", "coordinates": [ 22.9476924, 40.6502324 ] } },
{ "type": "Feature", "properties": { "osm_type": "node", "osm_id": 12880919034, "name": "Masoutis", "brand": null, "operator": null, "shop": "supermarket", "addr:street": null, "addr:housenumber": null, "opening_hours": null, "website": null, "phone": null, "longitude": 22.9586712, "latitude": 40.6422836 }, "geometry": { "type": "Point", "coordinates": [ 22.9586712, 40.6422836 ] } },
{ "type": "Feature", "properties": { "osm_type": "node", "osm_id": 12911225036, "name": null, "brand": null, "operator": null, "shop": "supermarket", "addr:street": null, "addr:housenumber": null, "opening_hours": null, "website": null, "phone": null, "longitude": 22.9795818, "latitude": 40.6141241 }, "geometry": { "type": "Point", "coordinates": [ 22.9795818, 40.6141241 ] } },
{ "type": "Feature", "properties": { "osm_type": "node", "osm_id": 12925324263, "name": "Ο Κρητικός", "brand": null, "operator": null, "shop": "supermarket", "addr:street": null, "addr:housenumber": null, "opening_hours": null, "website": null, "phone": null, "longitude": 22.9484342, "latitude": 40.6371624 }, "geometry": { "type": "Point", "coordinates": [ 22.9484342, 40.6371624 ] } },
{ "type": "Feature", "properties": { "osm_type": "node", "osm_id": 13076082269, "name": "My Market Local", "brand": null, "operator": null, "shop": "supermarket", "addr:street": "Κωνσταντίνου Καραμανλή", "addr:housenumber": "169", "opening_hours": "Mo-Sa 07:00-23:00 , Su 09:00-23:00", "website": null, "phone": "+302316022012", "longitude": 22.9646852, "latitude": 40.6003348 }, "geometry": { "type": "Point", "coordinates": [ 22.9646852, 40.6003348 ] } },
{ "type": "Feature", "properties": { "osm_type": "node", "osm_id": 13119114690, "name": "Φθηνά στη γειτονιά", "brand": null, "operator": null, "shop": "supermarket", "addr:street": null, "addr:housenumber": null, "opening_hours": null, "website": null, "phone": null, "longitude": 22.9543279, "latitude": 40.6012868 }, "geometry": { "type": "Point", "coordinates": [ 22.9543279, 40.6012868 ] } },
{ "type": "Feature", "properties": { "osm_type": "node", "osm_id": 13139804301, "name": "AB shop & go", "brand": null, "operator": null, "shop": "supermarket", "addr:street": null, "addr:housenumber": null, "opening_hours": null, "website": null, "phone": null, "longitude": 22.9432754, "latitude": 40.6388052 }, "geometry": { "type": "Point", "coordinates": [ 22.9432754, 40.6388052 ] } },
{ "type": "Feature", "properties": { "osm_type": "node", "osm_id": 13139804602, "name": null, "brand": null, "operator": null, "shop": "supermarket", "addr:street": null, "addr:housenumber": null, "opening_hours": null, "website": null, "phone": null, "longitude": 22.9457826, "latitude": 40.6342142 }, "geometry": { "type": "Point", "coordinates": [ 22.9457826, 40.6342142 ] } },
{ "type": "Feature", "properties": { "osm_type": "node", "osm_id": 13144326089, "name": "express market", "brand": null, "operator": null, "shop": "supermarket", "addr:street": null, "addr:housenumber": null, "opening_hours": null, "website": null, "phone": null, "longitude": 22.9580768, "latitude": 40.6019551 }, "geometry": { "type": "Point", "coordinates": [ 22.9580768, 40.6019551 ] } },
{ "type": "Feature", "properties": { "osm_type": "node", "osm_id": 13270885263, "name": "Mymarket local", "brand": null, "operator": null, "shop": "supermarket", "addr:street": null, "addr:housenumber": null, "opening_hours": null, "website": null, "phone": null, "longitude": 22.958774, "latitude": 40.601046 }, "geometry": { "type": "Point", "coordinates": [ 22.958774, 40.601046 ] } },
{ "type": "Feature", "properties": { "osm_type": "node", "osm_id": 13612430957, "name": "Εκλεκτίκ", "brand": null, "operator": null, "shop": "supermarket", "addr:street": null, "addr:housenumber": null, "opening_hours": "Mo-Sa 08:00-22:00", "website": null, "phone": null, "longitude": 22.9432513, "latitude": 40.6387052 }, "geometry": { "type": "Point", "coordinates": [ 22.9432513, 40.6387052 ] } },
{ "type": "Feature", "properties": { "osm_type": "node", "osm_id": 13895397126, "name": "ΑΒ Βασιλόπουλος", "brand": null, "operator": null, "shop": "supermarket", "addr:street": null, "addr:housenumber": null, "opening_hours": null, "website": null, "phone": null, "longitude": 22.9665441, "latitude": 40.620198 }, "geometry": { "type": "Point", "coordinates": [ 22.9665441, 40.620198 ] } },
{ "type": "Feature", "properties": { "osm_type": "node", "osm_id": 14023741500, "name": "My Market", "brand": null, "operator": null, "shop": "supermarket", "addr:street": null, "addr:housenumber": null, "opening_hours": null, "website": null, "phone": null, "longitude": 22.9537048, "latitude": 40.610187 }, "geometry": { "type": "Point", "coordinates": [ 22.9537048, 40.610187 ] } },
{ "type": "Feature", "properties": { "osm_type": "node", "osm_id": 14065606958, "name": "AB Shop & Go", "brand": null, "operator": null, "shop": "supermarket", "addr:street": "Pondou", "addr:housenumber": null, "opening_hours": null, "website": null, "phone": null, "longitude": 22.952775, "latitude": 40.5877823 }, "geometry": { "type": "Point", "coordinates": [ 22.952775, 40.5877823 ] } },
{ "type": "Feature", "properties": { "osm_type": "way", "osm_id": 22564782, "name": "Σκλαβενίτης", "brand": "Σκλαβενίτης", "operator": "Σκλαβενίτης", "shop": "supermarket", "addr:street": "Μεγάλου Αλεξάνδρου", "addr:housenumber": "3Α", "opening_hours": "Mo-Fr 08:00-21:00; Sa 08:00-20:00; Su,PH off", "website": null, "phone": null, "longitude": 23.011218640954052, "latitude": 40.59409485 }, "geometry": { "type": "Point", "coordinates": [ 23.011218640954052, 40.59409485 ] } },
{ "type": "Feature", "properties": { "osm_type": "way", "osm_id": 23190916, "name": "Σκλαβενίτης", "brand": "Σκλαβενίτης", "operator": "Σκλαβενίτης", "shop": "supermarket", "addr:street": "Λαγκαδά", "addr:housenumber": "11", "opening_hours": "Mo-Fr 08:00-21:00; Sa 08:00-20:00; Su,PH off", "website": "https://www.sklavenitis.gr/", "phone": "+30 2310 532828", "longitude": 22.934748891146242, "latitude": 40.64193675 }, "geometry": { "type": "Point", "coordinates": [ 22.934748891146242, 40.64193675 ] } },
{ "type": "Feature", "properties": { "osm_type": "way", "osm_id": 162381764, "name": "Lidl", "brand": "Lidl", "operator": null, "shop": "supermarket", "addr:street": null, "addr:housenumber": null, "opening_hours": null, "website": null, "phone": null, "longitude": 22.9724256, "latitude": 40.5870946 }, "geometry": { "type": "Point", "coordinates": [ 22.9724256, 40.5870946 ] } },
{ "type": "Feature", "properties": { "osm_type": "way", "osm_id": 162519926, "name": "Σκλαβενίτης", "brand": "Σκλαβενίτης", "operator": "Σκλαβενίτης", "shop": "supermarket", "addr:street": "Τομπάζη", "addr:housenumber": "15", "opening_hours": "Mo-Fr 08:00-21:00; Sa 08:00-20:00; Su,PH off", "website": null, "phone": null, "longitude": 22.976755807881197, "latitude": 40.57816215 }, "geometry": { "type": "Point", "coordinates": [ 22.976755807881197, 40.57816215 ] } },
{ "type": "Feature", "properties": { "osm_type": "way", "osm_id": 174486725, "name": "Μασούτης", "brand": "Μασούτης", "operator": null, "shop": "supermarket", "addr:street": "Αμπελοκήπων", "addr:housenumber": "36", "opening_hours": "Mo-Sa 08:00-21:00", "website": null, "phone": null, "longitude": 22.928793249024253, "latitude": 40.65978455 }, "geometry": { "type": "Point", "coordinates": [ 22.928793249024253, 40.65978455 ] } },
{ "type": "Feature", "properties": { "osm_type": "way", "osm_id": 185452401, "name": "Lidl", "brand": "Lidl", "operator": null, "shop": "supermarket", "addr:street": "Παπανικολάου", "addr:housenumber": "141", "opening_hours": "Mo-Sa 07:45-21:00", "website": "https://www.lidl-hellas.gr/", "phone": null, "longitude": 22.996801041689963, "latitude": 40.65317175 }, "geometry": { "type": "Point", "coordinates": [ 22.996801041689963, 40.65317175 ] } },
{ "type": "Feature", "properties": { "osm_type": "way", "osm_id": 200375687, "name": "Μασούτης", "brand": "Μασούτης", "operator": null, "shop": "supermarket", "addr:street": "Μητροπολίτου Καλλίδου", "addr:housenumber": "112", "opening_hours": null, "website": "https://www.masoutis.gr/", "phone": "+30 2310 413755", "longitude": 22.9462522, "latitude": 40.58644345 }, "geometry": { "type": "Point", "coordinates": [ 22.9462522, 40.58644345 ] } },
{ "type": "Feature", "properties": { "osm_type": "way", "osm_id": 294177237, "name": "Lidl", "brand": "Lidl", "operator": null, "shop": "supermarket", "addr:street": null, "addr:housenumber": null, "opening_hours": null, "website": null, "phone": null, "longitude": 22.98939435, "latitude": 40.6081076 }, "geometry": { "type": "Point", "coordinates": [ 22.98939435, 40.6081076 ] } },
{ "type": "Feature", "properties": { "osm_type": "way", "osm_id": 461494120, "name": "Μασούτης", "brand": "Μασούτης", "operator": null, "shop": "supermarket", "addr:street": "Γεωργίου Βιζυηνού", "addr:housenumber": null, "opening_hours": "Mo-Fr 08:00-21:00; Sa 08:00-20:00; Su,PH off", "website": "https://www.masoutis.gr/", "phone": "+30 2310 216952", "longitude": 22.966583092219441, "latitude": 40.6310568 }, "geometry": { "type": "Point", "coordinates": [ 22.966583092219441, 40.6310568 ] } },
{ "type": "Feature", "properties": { "osm_type": "way", "osm_id": 542824564, "name": "ΑΒ Βασιλόπουλος", "brand": "ΑΒ Βασιλόπουλος", "operator": null, "shop": "supermarket", "addr:street": null, "addr:housenumber": null, "opening_hours": null, "website": null, "phone": null, "longitude": 22.988695717180278, "latitude": 40.60622825 }, "geometry": { "type": "Point", "coordinates": [ 22.988695717180278, 40.60622825 ] } },
{ "type": "Feature", "properties": { "osm_type": "way", "osm_id": 614536091, "name": "SUPERMARKET ΑΦΡΟΔΙΤΗ", "brand": null, "operator": null, "shop": "supermarket", "addr:street": "Περικλέους", "addr:housenumber": null, "opening_hours": null, "website": null, "phone": null, "longitude": 22.960572466678109, "latitude": 40.58552155 }, "geometry": { "type": "Point", "coordinates": [ 22.960572466678109, 40.58552155 ] } },
{ "type": "Feature", "properties": { "osm_type": "way", "osm_id": 769203278, "name": "Μασούτης", "brand": "Μασούτης", "operator": null, "shop": "supermarket", "addr:street": "Αιγαίου", "addr:housenumber": "15", "opening_hours": null, "website": "https://www.masoutis.gr/", "phone": "+30 2310 440556", "longitude": 22.961122325002293, "latitude": 40.5900203 }, "geometry": { "type": "Point", "coordinates": [ 22.961122325002293, 40.5900203 ] } },
{ "type": "Feature", "properties": { "osm_type": "way", "osm_id": 797488619, "name": "ΑΒ Βασιλόπουλος", "brand": "ΑΒ Βασιλόπουλος", "operator": null, "shop": "supermarket", "addr:street": "Κ. Καραμανλή", "addr:housenumber": "44", "opening_hours": "Mo-Fr 08:00-21:00; Sa 08:00-20:00", "website": null, "phone": "+30 2310 441650, +30 2310 451161", "longitude": 22.965128111288315, "latitude": 40.5766743 }, "geometry": { "type": "Point", "coordinates": [ 22.965128111288315, 40.5766743 ] } },
{ "type": "Feature", "properties": { "osm_type": "way", "osm_id": 816965010, "name": "Σκλαβενίτης", "brand": "Σκλαβενίτης", "operator": null, "shop": "supermarket", "addr:street": "Θεοδώρου Νάτσινα", "addr:housenumber": "52", "opening_hours": "Mo-Fr 08:00-21:00; Sa 08:00-20:00; Su,PH off", "website": "https://www.sklavenitis.gr/", "phone": "+30 2310 302831", "longitude": 22.968161383800513, "latitude": 40.60406465 }, "geometry": { "type": "Point", "coordinates": [ 22.968161383800513, 40.60406465 ] } },
{ "type": "Feature", "properties": { "osm_type": "way", "osm_id": 817931132, "name": "Discount Markt", "brand": null, "operator": null, "shop": "supermarket", "addr:street": "Νικολάου Πλαστήρα", "addr:housenumber": null, "opening_hours": "Mo-Fr 08:00-21:00, Sa 08:00-21:00", "website": "https://www.discountmarkt.gr/", "phone": null, "longitude": 22.976920246374565, "latitude": 40.60232505 }, "geometry": { "type": "Point", "coordinates": [ 22.976920246374565, 40.60232505 ] } },
{ "type": "Feature", "properties": { "osm_type": "way", "osm_id": 847902944, "name": "Σκλαβενίτης", "brand": "Σκλαβενίτης", "operator": null, "shop": "supermarket", "addr:street": "Παπανικολάου", "addr:housenumber": "105", "opening_hours": "Mo-Fr 08:00-21:00; Sa 08:00-20:00; Su,PH off", "website": null, "phone": null, "longitude": 22.992661588951805, "latitude": 40.6551244 }, "geometry": { "type": "Point", "coordinates": [ 22.992661588951805, 40.6551244 ] } },
{ "type": "Feature", "properties": { "osm_type": "way", "osm_id": 847902946, "name": "Μασούτης", "brand": "Μασούτης", "operator": null, "shop": "supermarket", "addr:street": "Παπανικολάου", "addr:housenumber": "110", "opening_hours": "Mo-Fr 08:00-21:00; Sa 08:00-20:00", "website": "https://masoutis.gr/", "phone": "+30 2310 674 467", "longitude": 22.991401077434517, "latitude": 40.655376 }, "geometry": { "type": "Point", "coordinates": [ 22.991401077434517, 40.655376 ] } },
{ "type": "Feature", "properties": { "osm_type": "way", "osm_id": 894567211, "name": "Ναταλί", "brand": null, "operator": "Ναταλί", "shop": "supermarket", "addr:street": "Αργύρη Εφταλιώτη", "addr:housenumber": "22", "opening_hours": "Mo-Fr 08:00-21:00; Sa 08:00-20:00", "website": "https://natali.gr/", "phone": "+30 2310928494", "longitude": 22.980122304775282, "latitude": 40.6052538 }, "geometry": { "type": "Point", "coordinates": [ 22.980122304775282, 40.6052538 ] } },
{ "type": "Feature", "properties": { "osm_type": "way", "osm_id": 971958398, "name": "MixMax", "brand": null, "operator": null, "shop": "supermarket", "addr:street": "Παπανικολάου", "addr:housenumber": "21;23", "opening_hours": "Mo-Sa 09:00-21:00", "website": null, "phone": "+30 2310 582063", "longitude": 22.975549532093105, "latitude": 40.65962305 }, "geometry": { "type": "Point", "coordinates": [ 22.975549532093105, 40.65962305 ] } }
]
}
